spec_id,scope,dv,formula,n,aic,aicc,bic,logLik,converged,FixedEffects,error
160ef93c66f3c36aecebcdd72ee4bd36,Global,Outbreak,Outbreak ~ scale(Year) + Outbreak_lead + CLIMATIC_lead_avg + (1 | Continent) + (1 | Country),3600,3662.537577630175,3662.5609564222705,3699.66971237684,-1825.2687888150874,TRUE,"{""(Intercept)"":{""Estimate"":-1.8112,""StdError"":0.2019},""scale(Year)"":{""Estimate"":0.3877,""StdError"":0.0434},""Outbreak_lead"":{""Estimate"":0.5929,""StdError"":0.0959},""CLIMATIC_lead_avg"":{""Estimate"":0.1271,""StdError"":0.0175}}",NA
c82bbe2d3175fa02ce9c529250a83e60,Global,Outbreak,Outbreak ~ scale(Year) + Outbreak_lead + CONFLICTS_lead_avg + (1 | Continent) + (1 | Country),3600,3710.2981396031623,3710.321518395258,3747.4302743498274,-1849.1490698015812,TRUE,"{""(Intercept)"":{""Estimate"":-1.5699,""StdError"":0.1751},""scale(Year)"":{""Estimate"":0.4052,""StdError"":0.0438},""Outbreak_lead"":{""Estimate"":0.6004,""StdError"":0.0956},""CONFLICTS_lead_avg"":{""Estimate"":0.0004,""StdError"":0.0003}}",NA
daf219f20430729eb78322ce03caafc3,Global,Outbreak,Outbreak ~ scale(Year) + Outbreak_lead + ECOLOGICAL_lead_avg + (1 | Continent) + (1 | Country),3600,3709.387818000198,3709.4111967922936,3746.519952746863,-1848.693909000099,TRUE,"{""(Intercept)"":{""Estimate"":-1.5417,""StdError"":0.1789},""scale(Year)"":{""Estimate"":0.4151,""StdError"":0.0434},""Outbreak_lead"":{""Estimate"":0.5881,""StdError"":0.0956},""ECOLOGICAL_lead_avg"":{""Estimate"":-0.4882,""StdError"":0.3457}}",NA
fc991f38d36fe5b4ac6007012bdf5e75,Global,Outbreak,Outbreak ~ scale(Year) + Outbreak_lead + ECONOMIC_lead_avg + (1 | Continent) + (1 | Country),3600,3706.2042230125785,3706.227601804674,3743.3363577592436,-1847.1021115062892,TRUE,"{""(Intercept)"":{""Estimate"":-1.6602,""StdError"":0.1575},""scale(Year)"":{""Estimate"":0.4563,""StdError"":0.0477},""Outbreak_lead"":{""Estimate"":0.5994,""StdError"":0.0954},""ECONOMIC_lead_avg"":{""Estimate"":0.2434,""StdError"":0.1062}}",NA
6345c6e2c4b9b2a199527093a5f5a46a,Global,Outbreak,Outbreak ~ scale(Year) + Outbreak_lead + TECHNOLOGICAL_lead_avg + (1 | Continent) + (1 | Country),3600,3692.1954267788947,3692.2188055709903,3729.3275615255598,-1840.0977133894473,TRUE,"{""(Intercept)"":{""Estimate"":-1.6406,""StdError"":0.1697},""scale(Year)"":{""Estimate"":0.4121,""StdError"":0.0433},""Outbreak_lead"":{""Estimate"":0.613,""StdError"":0.0955},""TECHNOLOGICAL_lead_avg"":{""Estimate"":0.0622,""StdError"":0.0141}}",NA
51ba242d1eda9ab3ca512f93387e9a32,Global,Outbreak,Outbreak ~ scale(Year) + Outbreak_lead + CLIMATIC_lead_avg + CONFLICTS_lead_avg + (1 | Continent) + (1 | Country),3600,3663.7083625130617,3663.7395429139524,3707.029186384171,-1824.8541812565309,TRUE,"{""(Intercept)"":{""Estimate"":-1.815,""StdError"":0.2022},""scale(Year)"":{""Estimate"":0.3822,""StdError"":0.0438},""Outbreak_lead"":{""Estimate"":0.5964,""StdError"":0.0959},""CLIMATIC_lead_avg"":{""Estimate"":0.1257,""StdError"":0.0175},""CONFLICTS_lead_avg"":{""Estimate"":0.0003,""StdError"":0.0003}}",NA
f0541db7ac18f3fe7d7927e0b3f9c093,Global,Outbreak,Outbreak ~ scale(Year) + Outbreak_lead + CLIMATIC_lead_avg + ECOLOGICAL_lead_avg + (1 | Continent) + (1 | Country),3600,3662.4602546872184,3662.491435088109,3705.781078558328,-1824.2301273436092,TRUE,"{""(Intercept)"":{""Estimate"":-1.7915,""StdError"":0.2048},""scale(Year)"":{""Estimate"":0.39,""StdError"":0.0435},""Outbreak_lead"":{""Estimate"":0.5858,""StdError"":0.0961},""CLIMATIC_lead_avg"":{""Estimate"":0.128,""StdError"":0.0177},""ECOLOGICAL_lead_avg"":{""Estimate"":-0.4848,""StdError"":0.3415}}",NA
272a775a39a7c3a4913a75600e87beda,Global,Outbreak,Outbreak ~ scale(Year) + Outbreak_lead + CLIMATIC_lead_avg + ECONOMIC_lead_avg + (1 | Continent) + (1 | Country),3600,3654.253967789265,3654.2851481901557,3697.5747916603746,-1820.1269838946325,TRUE,"{""(Intercept)"":{""Estimate"":-1.9552,""StdError"":0.1783},""scale(Year)"":{""Estimate"":0.4463,""StdError"":0.0475},""Outbreak_lead"":{""Estimate"":0.599,""StdError"":0.0958},""CLIMATIC_lead_avg"":{""Estimate"":0.1331,""StdError"":0.0175},""ECONOMIC_lead_avg"":{""Estimate"":0.3248,""StdError"":0.1007}}",NA
b9b5ad7d8e6fecda25c064c838637165,Global,Outbreak,Outbreak ~ scale(Year) + Outbreak_lead + CLIMATIC_lead_avg + TECHNOLOGICAL_lead_avg + (1 | Continent) + (1 | Country),3600,3663.703212022663,3663.734392423554,3707.0240358937726,-1824.8516060113316,TRUE,"{""(Intercept)"":{""Estimate"":-1.8064,""StdError"":0.1983},""scale(Year)"":{""Estimate"":0.3901,""StdError"":0.0435},""Outbreak_lead"":{""Estimate"":0.5943,""StdError"":0.0959},""CLIMATIC_lead_avg"":{""Estimate"":0.1154,""StdError"":0.0214},""TECHNOLOGICAL_lead_avg"":{""Estimate"":0.0143,""StdError"":0.0158}}",NA
fc4b540b1cfbc7b68ed586118786d1e9,Global,Outbreak,Outbreak ~ scale(Year) + Outbreak_lead + CONFLICTS_lead_avg + ECOLOGICAL_lead_avg + (1 | Continent) + (1 | Country),3600,3709.9981242222148,3710.0293046231054,3753.3189480933243,-1847.9990621111074,TRUE,"{""(Intercept)"":{""Estimate"":-1.549,""StdError"":0.1795},""scale(Year)"":{""Estimate"":0.4072,""StdError"":0.0438},""Outbreak_lead"":{""Estimate"":0.5932,""StdError"":0.0957},""CONFLICTS_lead_avg"":{""Estimate"":0.0004,""StdError"":0.0003},""ECOLOGICAL_lead_avg"":{""Estimate"":-0.5185,""StdError"":0.3467}}",NA
901aad1d2f010321cb5f2a181805c51e,Global,Outbreak,Outbreak ~ scale(Year) + Outbreak_lead + CONFLICTS_lead_avg + ECONOMIC_lead_avg + (1 | Continent) + (1 | Country),3600,3707.3353689633373,3707.366549364228,3750.6561928344468,-1846.6676844816686,TRUE,"{""(Intercept)"":{""Estimate"":-1.6644,""StdError"":0.1584},""scale(Year)"":{""Estimate"":0.4488,""StdError"":0.0483},""Outbreak_lead"":{""Estimate"":0.6034,""StdError"":0.0955},""CONFLICTS_lead_avg"":{""Estimate"":0.0003,""StdError"":0.0003},""ECONOMIC_lead_avg"":{""Estimate"":0.2368,""StdError"":0.1062}}",NA
9342ca3a8d2733b89ab1b3e7e495e4ad,Global,Outbreak,Outbreak ~ scale(Year) + Outbreak_lead + CONFLICTS_lead_avg + TECHNOLOGICAL_lead_avg + (1 | Continent) + (1 | Country),3600,3692.785990050096,3692.817170450987,3736.1068139212057,-1839.392995025048,TRUE,"{""(Intercept)"":{""Estimate"":-1.6491,""StdError"":0.1709},""scale(Year)"":{""Estimate"":0.4046,""StdError"":0.0437},""Outbreak_lead"":{""Estimate"":0.617,""StdError"":0.0955},""CONFLICTS_lead_avg"":{""Estimate"":0.0004,""StdError"":0.0003},""TECHNOLOGICAL_lead_avg"":{""Estimate"":0.0619,""StdError"":0.014}}",NA
8e26a92c1630520afd4662e9e23f89e7,Global,Outbreak,Outbreak ~ scale(Year) + Outbreak_lead + ECOLOGICAL_lead_avg + ECONOMIC_lead_avg + (1 | Continent) + (1 | Country),3600,3706.179572778256,3706.2107531791466,3749.5003966493655,-1846.089786389128,TRUE,"{""(Intercept)"":{""Estimate"":-1.6403,""StdError"":0.1621},""scale(Year)"":{""Estimate"":0.4589,""StdError"":0.0477},""Outbreak_lead"":{""Estimate"":0.5922,""StdError"":0.0956},""ECOLOGICAL_lead_avg"":{""Estimate"":-0.4865,""StdError"":0.3467},""ECONOMIC_lead_avg"":{""Estimate"":0.2434,""StdError"":0.1064}}",NA
36ad9efb6390a9dfe1158972846d962f,Global,Outbreak,Outbreak ~ scale(Year) + Outbreak_lead + ECOLOGICAL_lead_avg + TECHNOLOGICAL_lead_avg + (1 | Continent) + (1 | Country),3600,3692.1598698107296,3692.19105021162,3735.480693681839,-1839.0799349053648,TRUE,"{""(Intercept)"":{""Estimate"":-1.6205,""StdError"":0.1736},""scale(Year)"":{""Estimate"":0.4146,""StdError"":0.0434},""Outbreak_lead"":{""Estimate"":0.6055,""StdError"":0.0957},""ECOLOGICAL_lead_avg"":{""Estimate"":-0.4818,""StdError"":0.3427},""TECHNOLOGICAL_lead_avg"":{""Estimate"":0.0625,""StdError"":0.0142}}",NA
c33789f879fbdfe9c9b025b4d29aa68a,Global,Outbreak,Outbreak ~ scale(Year) + Outbreak_lead + ECONOMIC_lead_avg + TECHNOLOGICAL_lead_avg + (1 | Continent) + (1 | Country),3600,3686.592827252326,3686.6240076532167,3729.9136511234356,-1836.296413626163,TRUE,"{""(Intercept)"":{""Estimate"":-1.7614,""StdError"":0.1493},""scale(Year)"":{""Estimate"":0.4634,""StdError"":0.0475},""Outbreak_lead"":{""Estimate"":0.6192,""StdError"":0.0954},""ECONOMIC_lead_avg"":{""Estimate"":0.2839,""StdError"":0.1025},""TECHNOLOGICAL_lead_avg"":{""Estimate"":0.0661,""StdError"":0.0142}}",NA
916f811cba22d883405a3dc9388fca35,Global,Outbreak,Outbreak ~ scale(Year) + Outbreak_lead + CLIMATIC_lead_avg + CONFLICTS_lead_avg + ECOLOGICAL_lead_avg + (1 | Continent) + (1 | Country),3600,3663.384810217606,3663.4249104682326,3712.8943232131596,-1823.692405108803,TRUE,"{""(Intercept)"":{""Estimate"":-1.7947,""StdError"":0.2053},""scale(Year)"":{""Estimate"":0.3838,""StdError"":0.0439},""Outbreak_lead"":{""Estimate"":0.5895,""StdError"":0.0961},""CLIMATIC_lead_avg"":{""Estimate"":0.1265,""StdError"":0.0176},""CONFLICTS_lead_avg"":{""Estimate"":0.0003,""StdError"":0.0003},""ECOLOGICAL_lead_avg"":{""Estimate"":-0.5143,""StdError"":0.3427}}",NA
46f6562d5757de2b1274fe5157ca4912,Global,Outbreak,Outbreak ~ scale(Year) + Outbreak_lead + CLIMATIC_lead_avg + CONFLICTS_lead_avg + ECONOMIC_lead_avg + (1 | Continent) + (1 | Country),3600,3655.7752820372352,3655.8153822878617,3705.2847950327887,-1819.8876410186176,TRUE,"{""(Intercept)"":{""Estimate"":-1.9558,""StdError"":0.179},""scale(Year)"":{""Estimate"":0.4411,""StdError"":0.048},""Outbreak_lead"":{""Estimate"":0.6014,""StdError"":0.0958},""CLIMATIC_lead_avg"":{""Estimate"":0.1319,""StdError"":0.0175},""CONFLICTS_lead_avg"":{""Estimate"":0.0002,""StdError"":0.0003},""ECONOMIC_lead_avg"":{""Estimate"":0.3192,""StdError"":0.1008}}",NA
1685fd825d22a7d60609617ec142bbf9,Global,Outbreak,Outbreak ~ scale(Year) + Outbreak_lead + CLIMATIC_lead_avg + CONFLICTS_lead_avg + TECHNOLOGICAL_lead_avg + (1 | Continent) + (1 | Country),3600,3664.836269321457,3664.8763695720836,3714.3457823170106,-1824.4181346607286,TRUE,"{""(Intercept)"":{""Estimate"":-1.8103,""StdError"":0.1987},""scale(Year)"":{""Estimate"":0.3845,""StdError"":0.0439},""Outbreak_lead"":{""Estimate"":0.5977,""StdError"":0.0959},""CLIMATIC_lead_avg"":{""Estimate"":0.1138,""StdError"":0.0214},""CONFLICTS_lead_avg"":{""Estimate"":0.0003,""StdError"":0.0003},""TECHNOLOGICAL_lead_avg"":{""Estimate"":0.0146,""StdError"":0.0157}}",NA
d56a0f1c487b9a11044588014d6f67b6,Global,Outbreak,Outbreak ~ scale(Year) + Outbreak_lead + CLIMATIC_lead_avg + ECOLOGICAL_lead_avg + ECONOMIC_lead_avg + (1 | Continent) + (1 | Country),3600,3654.1063971449526,3654.146497395579,3703.615910140506,-1819.0531985724763,TRUE,"{""(Intercept)"":{""Estimate"":-1.9367,""StdError"":0.1812},""scale(Year)"":{""Estimate"":0.449,""StdError"":0.0476},""Outbreak_lead"":{""Estimate"":0.5921,""StdError"":0.096},""CLIMATIC_lead_avg"":{""Estimate"":0.1341,""StdError"":0.0176},""ECOLOGICAL_lead_avg"":{""Estimate"":-0.4942,""StdError"":0.3428},""ECONOMIC_lead_avg"":{""Estimate"":0.3271,""StdError"":0.1011}}",NA
1865afbe1fcd830b5d6edb4423bb965b,Global,Outbreak,Outbreak ~ scale(Year) + Outbreak_lead + CLIMATIC_lead_avg + ECOLOGICAL_lead_avg + TECHNOLOGICAL_lead_avg + (1 | Continent) + (1 | Country),3600,3663.611623192502,3663.6517234431285,3713.1211361880555,-1823.805811596251,TRUE,"{""(Intercept)"":{""Estimate"":-1.7867,""StdError"":0.2012},""scale(Year)"":{""Estimate"":0.3925,""StdError"":0.0436},""Outbreak_lead"":{""Estimate"":0.5871,""StdError"":0.0961},""CLIMATIC_lead_avg"":{""Estimate"":0.1162,""StdError"":0.0215},""ECOLOGICAL_lead_avg"":{""Estimate"":-0.486,""StdError"":0.3413},""TECHNOLOGICAL_lead_avg"":{""Estimate"":0.0145,""StdError"":0.0158}}",NA
c5fb2da6688e208176392d0f5e86c8f4,Global,Outbreak,Outbreak ~ scale(Year) + Outbreak_lead + CLIMATIC_lead_avg + ECONOMIC_lead_avg + TECHNOLOGICAL_lead_avg + (1 | Continent) + (1 | Country),3600,3655.1941533594513,3655.2342536100778,3704.7036663550048,-1819.5970766797257,TRUE,"{""(Intercept)"":{""Estimate"":-1.9511,""StdError"":0.1742},""scale(Year)"":{""Estimate"":0.4495,""StdError"":0.0476},""Outbreak_lead"":{""Estimate"":0.6008,""StdError"":0.0958},""CLIMATIC_lead_avg"":{""Estimate"":0.12,""StdError"":0.0213},""ECONOMIC_lead_avg"":{""Estimate"":0.3275,""StdError"":0.1004},""TECHNOLOGICAL_lead_avg"":{""Estimate"":0.0161,""StdError"":0.0157}}",NA
e10239641d5e746caa2719c6ed7998d5,Global,Outbreak,Outbreak ~ scale(Year) + Outbreak_lead + CONFLICTS_lead_avg + ECOLOGICAL_lead_avg + ECONOMIC_lead_avg + (1 | Continent) + (1 | Country),3600,3707.0854174558144,3707.125517706441,3756.594930451368,-1845.5427087279072,TRUE,"{""(Intercept)"":{""Estimate"":-1.6439,""StdError"":0.1631},""scale(Year)"":{""Estimate"":0.4505,""StdError"":0.0483},""Outbreak_lead"":{""Estimate"":0.5964,""StdError"":0.0956},""CONFLICTS_lead_avg"":{""Estimate"":0.0003,""StdError"":0.0003},""ECOLOGICAL_lead_avg"":{""Estimate"":-0.5142,""StdError"":0.3478},""ECONOMIC_lead_avg"":{""Estimate"":0.236,""StdError"":0.1063}}",NA
b02a3b18f722c94631f6e62d717c566a,Global,Outbreak,Outbreak ~ scale(Year) + Outbreak_lead + CONFLICTS_lead_avg + ECOLOGICAL_lead_avg + TECHNOLOGICAL_lead_avg + (1 | Continent) + (1 | Country),3600,3692.4457657398048,3692.485865990431,3741.955278735358,-1838.2228828699024,TRUE,"{""(Intercept)"":{""Estimate"":-1.6284,""StdError"":0.175},""scale(Year)"":{""Estimate"":0.4064,""StdError"":0.0437},""Outbreak_lead"":{""Estimate"":0.6095,""StdError"":0.0957},""CONFLICTS_lead_avg"":{""Estimate"":0.0004,""StdError"":0.0003},""ECOLOGICAL_lead_avg"":{""Estimate"":-0.5179,""StdError"":0.3438},""TECHNOLOGICAL_lead_avg"":{""Estimate"":0.0622,""StdError"":0.014}}",NA
db2408f465a20ab1ee7f44c21f1d6ae7,Global,Outbreak,Outbreak ~ scale(Year) + Outbreak_lead + CONFLICTS_lead_avg + ECONOMIC_lead_avg + TECHNOLOGICAL_lead_avg + (1 | Continent) + (1 | Country),3600,3687.5640553492917,3687.604155599918,3737.073568344845,-1835.7820276746459,TRUE,"{""(Intercept)"":{""Estimate"":-1.7656,""StdError"":0.151},""scale(Year)"":{""Estimate"":0.4556,""StdError"":0.048},""Outbreak_lead"":{""Estimate"":0.6222,""StdError"":0.0954},""CONFLICTS_lead_avg"":{""Estimate"":0.0003,""StdError"":0.0003},""ECONOMIC_lead_avg"":{""Estimate"":0.2763,""StdError"":0.1025},""TECHNOLOGICAL_lead_avg"":{""Estimate"":0.0656,""StdError"":0.014}}",NA
6e76d6fa03e1cd841092e03d2d54d53c,Global,Outbreak,Outbreak ~ scale(Year) + Outbreak_lead + ECOLOGICAL_lead_avg + ECONOMIC_lead_avg + TECHNOLOGICAL_lead_avg + (1 | Continent) + (1 | Country),3600,3686.5487271868565,3686.588827437483,3736.05824018241,-1835.2743635934282,TRUE,"{""(Intercept)"":{""Estimate"":-1.7421,""StdError"":0.1533},""scale(Year)"":{""Estimate"":0.466,""StdError"":0.0476},""Outbreak_lead"":{""Estimate"":0.612,""StdError"":0.0956},""ECOLOGICAL_lead_avg"":{""Estimate"":-0.4837,""StdError"":0.3437},""ECONOMIC_lead_avg"":{""Estimate"":0.2849,""StdError"":0.1028},""TECHNOLOGICAL_lead_avg"":{""Estimate"":0.0664,""StdError"":0.0142}}",NA
916f811cba22d883405a3dc9388fca35,Global,Outbreak,Outbreak ~ scale(Year) + Outbreak_lead + CLIMATIC_lead_avg + CONFLICTS_lead_avg + ECOLOGICAL_lead_avg + (1 | Continent) + (1 | Country),3600,3663.384810217606,3663.4249104682326,3712.8943232131596,-1823.692405108803,TRUE,"{""(Intercept)"":{""Estimate"":-1.7947,""StdError"":0.2053},""scale(Year)"":{""Estimate"":0.3838,""StdError"":0.0439},""Outbreak_lead"":{""Estimate"":0.5895,""StdError"":0.0961},""CLIMATIC_lead_avg"":{""Estimate"":0.1265,""StdError"":0.0176},""CONFLICTS_lead_avg"":{""Estimate"":0.0003,""StdError"":0.0003},""ECOLOGICAL_lead_avg"":{""Estimate"":-0.5143,""StdError"":0.3427}}",NA
916f811cba22d883405a3dc9388fca35,Global,Outbreak,Outbreak ~ scale(Year) + Outbreak_lead + CLIMATIC_lead_avg + CONFLICTS_lead_avg + ECOLOGICAL_lead_avg + (1 | Continent) + (1 | Country),3600,3663.384810217606,3663.4249104682326,3712.8943232131596,-1823.692405108803,TRUE,"{""(Intercept)"":{""Estimate"":-1.7947,""StdError"":0.2053},""scale(Year)"":{""Estimate"":0.3838,""StdError"":0.0439},""Outbreak_lead"":{""Estimate"":0.5895,""StdError"":0.0961},""CLIMATIC_lead_avg"":{""Estimate"":0.1265,""StdError"":0.0176},""CONFLICTS_lead_avg"":{""Estimate"":0.0003,""StdError"":0.0003},""ECOLOGICAL_lead_avg"":{""Estimate"":-0.5143,""StdError"":0.3427}}",NA
46f6562d5757de2b1274fe5157ca4912,Global,Outbreak,Outbreak ~ scale(Year) + Outbreak_lead + CLIMATIC_lead_avg + CONFLICTS_lead_avg + ECONOMIC_lead_avg + (1 | Continent) + (1 | Country),3600,3655.7752820372352,3655.8153822878617,3705.2847950327887,-1819.8876410186176,TRUE,"{""(Intercept)"":{""Estimate"":-1.9558,""StdError"":0.179},""scale(Year)"":{""Estimate"":0.4411,""StdError"":0.048},""Outbreak_lead"":{""Estimate"":0.6014,""StdError"":0.0958},""CLIMATIC_lead_avg"":{""Estimate"":0.1319,""StdError"":0.0175},""CONFLICTS_lead_avg"":{""Estimate"":0.0002,""StdError"":0.0003},""ECONOMIC_lead_avg"":{""Estimate"":0.3192,""StdError"":0.1008}}",NA
d56a0f1c487b9a11044588014d6f67b6,Global,Outbreak,Outbreak ~ scale(Year) + Outbreak_lead + CLIMATIC_lead_avg + ECOLOGICAL_lead_avg + ECONOMIC_lead_avg + (1 | Continent) + (1 | Country),3600,3654.1063971449526,3654.146497395579,3703.615910140506,-1819.0531985724763,TRUE,"{""(Intercept)"":{""Estimate"":-1.9367,""StdError"":0.1812},""scale(Year)"":{""Estimate"":0.449,""StdError"":0.0476},""Outbreak_lead"":{""Estimate"":0.5921,""StdError"":0.096},""CLIMATIC_lead_avg"":{""Estimate"":0.1341,""StdError"":0.0176},""ECOLOGICAL_lead_avg"":{""Estimate"":-0.4942,""StdError"":0.3428},""ECONOMIC_lead_avg"":{""Estimate"":0.3271,""StdError"":0.1011}}",NA
e10239641d5e746caa2719c6ed7998d5,Global,Outbreak,Outbreak ~ scale(Year) + Outbreak_lead + CONFLICTS_lead_avg + ECOLOGICAL_lead_avg + ECONOMIC_lead_avg + (1 | Continent) + (1 | Country),3600,3707.0854174558144,3707.125517706441,3756.594930451368,-1845.5427087279072,TRUE,"{""(Intercept)"":{""Estimate"":-1.6439,""StdError"":0.1631},""scale(Year)"":{""Estimate"":0.4505,""StdError"":0.0483},""Outbreak_lead"":{""Estimate"":0.5964,""StdError"":0.0956},""CONFLICTS_lead_avg"":{""Estimate"":0.0003,""StdError"":0.0003},""ECOLOGICAL_lead_avg"":{""Estimate"":-0.5142,""StdError"":0.3478},""ECONOMIC_lead_avg"":{""Estimate"":0.236,""StdError"":0.1063}}",NA
916f811cba22d883405a3dc9388fca35,Global,Outbreak,Outbreak ~ scale(Year) + Outbreak_lead + CLIMATIC_lead_avg + CONFLICTS_lead_avg + ECOLOGICAL_lead_avg + (1 | Continent) + (1 | Country),3600,3663.384810217606,3663.4249104682326,3712.8943232131596,-1823.692405108803,TRUE,"{""(Intercept)"":{""Estimate"":-1.7947,""StdError"":0.2053},""scale(Year)"":{""Estimate"":0.3838,""StdError"":0.0439},""Outbreak_lead"":{""Estimate"":0.5895,""StdError"":0.0961},""CLIMATIC_lead_avg"":{""Estimate"":0.1265,""StdError"":0.0176},""CONFLICTS_lead_avg"":{""Estimate"":0.0003,""StdError"":0.0003},""ECOLOGICAL_lead_avg"":{""Estimate"":-0.5143,""StdError"":0.3427}}",NA
28642334da66ec1675a6b0b3616ff212,Africa,Outbreak,Outbreak ~ scale(Year) + Outbreak_lead + CLIMATIC_lead_avg + (1 | Country),1088,1315.1169592921485,1315.1724121572133,1340.077441429228,-652.5584796460743,TRUE,"{""(Intercept)"":{""Estimate"":-1.1968,""StdError"":0.1534},""scale(Year)"":{""Estimate"":0.2741,""StdError"":0.0726},""Outbreak_lead"":{""Estimate"":0.6099,""StdError"":0.1514},""CLIMATIC_lead_avg"":{""Estimate"":0.188,""StdError"":0.095}}",NA
9c191555190439fe4a393ef382f78874,Africa,Outbreak,Outbreak ~ scale(Year) + Outbreak_lead + CONFLICTS_lead_avg + (1 | Country),1088,1318.1823108521357,1318.2377637172006,1343.1427929892152,-654.0911554260679,TRUE,"{""(Intercept)"":{""Estimate"":-1.0269,""StdError"":0.126},""scale(Year)"":{""Estimate"":0.3049,""StdError"":0.0705},""Outbreak_lead"":{""Estimate"":0.6081,""StdError"":0.1513},""CONFLICTS_lead_avg"":{""Estimate"":0.0015,""StdError"":0.0019}}",NA
8be1b575883656a0197c9cee71e18094,Africa,Outbreak,Outbreak ~ scale(Year) + Outbreak_lead + ECOLOGICAL_lead_avg + (1 | Country),1088,1318.879928425238,1318.9353812903028,1343.8404105623174,-654.439964212619,TRUE,"{""(Intercept)"":{""Estimate"":-1.0085,""StdError"":0.1285},""scale(Year)"":{""Estimate"":0.3132,""StdError"":0.0703},""Outbreak_lead"":{""Estimate"":0.6084,""StdError"":0.1516},""ECOLOGICAL_lead_avg"":{""Estimate"":-0.0159,""StdError"":0.4615}}",NA
ad0b7a800caa8ef40dc74466b8e867c4,Africa,Outbreak,Outbreak ~ scale(Year) + Outbreak_lead + ECONOMIC_lead_avg + (1 | Country),1088,1315.8459692488693,1315.9014221139341,1340.8064513859488,-652.9229846244347,TRUE,"{""(Intercept)"":{""Estimate"":-1.263,""StdError"":0.1877},""scale(Year)"":{""Estimate"":0.4005,""StdError"":0.0864},""Outbreak_lead"":{""Estimate"":0.6342,""StdError"":0.1516},""ECONOMIC_lead_avg"":{""Estimate"":0.3186,""StdError"":0.1794}}",NA
68b175bd5e05d42c21c4c91cbb3db559,Africa,Outbreak,Outbreak ~ scale(Year) + Outbreak_lead + TECHNOLOGICAL_lead_avg + (1 | Country),1088,1316.6206603509174,1316.6761132159822,1341.5811424879969,-653.3103301754587,TRUE,"{""(Intercept)"":{""Estimate"":-1.0803,""StdError"":0.1279},""scale(Year)"":{""Estimate"":0.2997,""StdError"":0.0704},""Outbreak_lead"":{""Estimate"":0.6232,""StdError"":0.1515},""TECHNOLOGICAL_lead_avg"":{""Estimate"":0.0491,""StdError"":0.0322}}",NA
6672eabb6e75f54e703e2c17b2c2e936,Africa,Outbreak,Outbreak ~ scale(Year) + Outbreak_lead + CLIMATIC_lead_avg + CONFLICTS_lead_avg + (1 | Country),1088,1316.6229514900515,1316.7006573179885,1346.5755300545468,-652.3114757450257,TRUE,"{""(Intercept)"":{""Estimate"":-1.2062,""StdError"":0.154},""scale(Year)"":{""Estimate"":0.2687,""StdError"":0.0729},""Outbreak_lead"":{""Estimate"":0.6079,""StdError"":0.1514},""CLIMATIC_lead_avg"":{""Estimate"":0.1828,""StdError"":0.0952},""CONFLICTS_lead_avg"":{""Estimate"":0.0013,""StdError"":0.0018}}",NA
f1530d3ceaae8418cb66b69cdeebccc8,Africa,Outbreak,Outbreak ~ scale(Year) + Outbreak_lead + CLIMATIC_lead_avg + ECOLOGICAL_lead_avg + (1 | Country),1088,1317.1130424186017,1317.1907482465388,1347.065620983097,-652.5565212093009,TRUE,"{""(Intercept)"":{""Estimate"":-1.1951,""StdError"":0.156},""scale(Year)"":{""Estimate"":0.2745,""StdError"":0.0728},""Outbreak_lead"":{""Estimate"":0.6093,""StdError"":0.1517},""CLIMATIC_lead_avg"":{""Estimate"":0.1881,""StdError"":0.0951},""ECOLOGICAL_lead_avg"":{""Estimate"":-0.0287,""StdError"":0.4587}}",NA
119c8bb6ae1d13902a679e0a3b374a74,Africa,Outbreak,Outbreak ~ scale(Year) + Outbreak_lead + CLIMATIC_lead_avg + ECONOMIC_lead_avg + (1 | Country),1088,1312.8192754949964,1312.8969813229335,1342.7718540594917,-650.4096377474982,TRUE,"{""(Intercept)"":{""Estimate"":-1.5182,""StdError"":0.211},""scale(Year)"":{""Estimate"":0.3708,""StdError"":0.0865},""Outbreak_lead"":{""Estimate"":0.6404,""StdError"":0.1516},""CLIMATIC_lead_avg"":{""Estimate"":0.2127,""StdError"":0.0922},""ECONOMIC_lead_avg"":{""Estimate"":0.372,""StdError"":0.1746}}",NA
2919ca3ae620beb6f5f430082b15e45d,Africa,Outbreak,Outbreak ~ scale(Year) + Outbreak_lead + CLIMATIC_lead_avg + TECHNOLOGICAL_lead_avg + (1 | Country),1088,1316.2956551826776,1316.3733610106146,1346.248233747173,-652.1478275913388,TRUE,"{""(Intercept)"":{""Estimate"":-1.2086,""StdError"":0.1511},""scale(Year)"":{""Estimate"":0.2727,""StdError"":0.0725},""Outbreak_lead"":{""Estimate"":0.6189,""StdError"":0.1517},""CLIMATIC_lead_avg"":{""Estimate"":0.155,""StdError"":0.1008},""TECHNOLOGICAL_lead_avg"":{""Estimate"":0.031,""StdError"":0.034}}",NA
1d22d8c7cd92cfd91242bb06c8d9a605,Africa,Outbreak,Outbreak ~ scale(Year) + Outbreak_lead + CONFLICTS_lead_avg + ECOLOGICAL_lead_avg + (1 | Country),1088,1320.1795483334085,1320.2572541613456,1350.1321268979038,-654.0897741667043,TRUE,"{""(Intercept)"":{""Estimate"":-1.0253,""StdError"":0.1296},""scale(Year)"":{""Estimate"":0.3053,""StdError"":0.0708},""Outbreak_lead"":{""Estimate"":0.6075,""StdError"":0.1517},""CONFLICTS_lead_avg"":{""Estimate"":0.0015,""StdError"":0.0019},""ECOLOGICAL_lead_avg"":{""Estimate"":-0.0243,""StdError"":0.4619}}",NA
8eff5057c2a6e26e77fce506fbb51eb2,Africa,Outbreak,Outbreak ~ scale(Year) + Outbreak_lead + CONFLICTS_lead_avg + ECONOMIC_lead_avg + (1 | Country),1088,1317.2708910351907,1317.3485968631278,1347.223469599686,-652.6354455175954,TRUE,"{""(Intercept)"":{""Estimate"":-1.2731,""StdError"":0.1875},""scale(Year)"":{""Estimate"":0.3912,""StdError"":0.087},""Outbreak_lead"":{""Estimate"":0.6338,""StdError"":0.1517},""CONFLICTS_lead_avg"":{""Estimate"":0.0014,""StdError"":0.0018},""ECONOMIC_lead_avg"":{""Estimate"":0.312,""StdError"":0.1793}}",NA
d3533c908623ba9d5dac7dfc8449038b,Africa,Outbreak,Outbreak ~ scale(Year) + Outbreak_lead + CONFLICTS_lead_avg + TECHNOLOGICAL_lead_avg + (1 | Country),1088,1317.8877425172827,1317.9654483452198,1347.840321081778,-652.9438712586414,TRUE,"{""(Intercept)"":{""Estimate"":-1.0978,""StdError"":0.1297},""scale(Year)"":{""Estimate"":0.2921,""StdError"":0.0708},""Outbreak_lead"":{""Estimate"":0.6195,""StdError"":0.1514},""CONFLICTS_lead_avg"":{""Estimate"":0.0016,""StdError"":0.0018},""TECHNOLOGICAL_lead_avg"":{""Estimate"":0.0489,""StdError"":0.0318}}",NA
4b600861efd9af4efa183e7231ea89ea,Africa,Outbreak,Outbreak ~ scale(Year) + Outbreak_lead + ECOLOGICAL_lead_avg + ECONOMIC_lead_avg + (1 | Country),1088,1317.8458219887632,1317.9235278167002,1347.7984005532585,-652.9229109943816,TRUE,"{""(Intercept)"":{""Estimate"":-1.2626,""StdError"":0.1903},""scale(Year)"":{""Estimate"":0.4005,""StdError"":0.0866},""Outbreak_lead"":{""Estimate"":0.6341,""StdError"":0.152},""ECOLOGICAL_lead_avg"":{""Estimate"":-0.0056,""StdError"":0.4588},""ECONOMIC_lead_avg"":{""Estimate"":0.3186,""StdError"":0.1795}}",NA
eca39f4ecd44211d61cdbec94cdfb722,Africa,Outbreak,Outbreak ~ scale(Year) + Outbreak_lead + ECOLOGICAL_lead_avg + TECHNOLOGICAL_lead_avg + (1 | Country),1088,1318.6189752349185,1318.6966810628555,1348.5715537994138,-653.3094876174592,TRUE,"{""(Intercept)"":{""Estimate"":-1.0791,""StdError"":0.1314},""scale(Year)"":{""Estimate"":0.3,""StdError"":0.0707},""Outbreak_lead"":{""Estimate"":0.6228,""StdError"":0.1519},""ECOLOGICAL_lead_avg"":{""Estimate"":-0.0188,""StdError"":0.4583},""TECHNOLOGICAL_lead_avg"":{""Estimate"":0.0492,""StdError"":0.0322}}",NA
aca79eb35026a6241bf063034be97ebe,Africa,Outbreak,Outbreak ~ scale(Year) + Outbreak_lead + ECONOMIC_lead_avg + TECHNOLOGICAL_lead_avg + (1 | Country),1088,1314.5713712376148,1314.6490770655519,1344.52394980211,-651.2856856188074,TRUE,"{""(Intercept)"":{""Estimate"":-1.3802,""StdError"":0.1897},""scale(Year)"":{""Estimate"":0.3961,""StdError"":0.0854},""Outbreak_lead"":{""Estimate"":0.6563,""StdError"":0.1519},""ECONOMIC_lead_avg"":{""Estimate"":0.3608,""StdError"":0.1742},""TECHNOLOGICAL_lead_avg"":{""Estimate"":0.0576,""StdError"":0.0311}}",NA
6672eabb6e75f54e703e2c17b2c2e936,Africa,Outbreak,Outbreak ~ scale(Year) + Outbreak_lead + CLIMATIC_lead_avg + CONFLICTS_lead_avg + (1 | Country),1088,1316.6229514900515,1316.7006573179885,1346.5755300545468,-652.3114757450257,TRUE,"{""(Intercept)"":{""Estimate"":-1.2062,""StdError"":0.154},""scale(Year)"":{""Estimate"":0.2687,""StdError"":0.0729},""Outbreak_lead"":{""Estimate"":0.6079,""StdError"":0.1514},""CLIMATIC_lead_avg"":{""Estimate"":0.1828,""StdError"":0.0952},""CONFLICTS_lead_avg"":{""Estimate"":0.0013,""StdError"":0.0018}}",NA
6672eabb6e75f54e703e2c17b2c2e936,Africa,Outbreak,Outbreak ~ scale(Year) + Outbreak_lead + CLIMATIC_lead_avg + CONFLICTS_lead_avg + (1 | Country),1088,1316.6229514900515,1316.7006573179885,1346.5755300545468,-652.3114757450257,TRUE,"{""(Intercept)"":{""Estimate"":-1.2062,""StdError"":0.154},""scale(Year)"":{""Estimate"":0.2687,""StdError"":0.0729},""Outbreak_lead"":{""Estimate"":0.6079,""StdError"":0.1514},""CLIMATIC_lead_avg"":{""Estimate"":0.1828,""StdError"":0.0952},""CONFLICTS_lead_avg"":{""Estimate"":0.0013,""StdError"":0.0018}}",NA
6672eabb6e75f54e703e2c17b2c2e936,Africa,Outbreak,Outbreak ~ scale(Year) + Outbreak_lead + CLIMATIC_lead_avg + CONFLICTS_lead_avg + (1 | Country),1088,1316.6229514900515,1316.7006573179885,1346.5755300545468,-652.3114757450257,TRUE,"{""(Intercept)"":{""Estimate"":-1.2062,""StdError"":0.154},""scale(Year)"":{""Estimate"":0.2687,""StdError"":0.0729},""Outbreak_lead"":{""Estimate"":0.6079,""StdError"":0.1514},""CLIMATIC_lead_avg"":{""Estimate"":0.1828,""StdError"":0.0952},""CONFLICTS_lead_avg"":{""Estimate"":0.0013,""StdError"":0.0018}}",NA
f1530d3ceaae8418cb66b69cdeebccc8,Africa,Outbreak,Outbreak ~ scale(Year) + Outbreak_lead + CLIMATIC_lead_avg + ECOLOGICAL_lead_avg + (1 | Country),1088,1317.1130424186017,1317.1907482465388,1347.065620983097,-652.5565212093009,TRUE,"{""(Intercept)"":{""Estimate"":-1.1951,""StdError"":0.156},""scale(Year)"":{""Estimate"":0.2745,""StdError"":0.0728},""Outbreak_lead"":{""Estimate"":0.6093,""StdError"":0.1517},""CLIMATIC_lead_avg"":{""Estimate"":0.1881,""StdError"":0.0951},""ECOLOGICAL_lead_avg"":{""Estimate"":-0.0287,""StdError"":0.4587}}",NA
f1530d3ceaae8418cb66b69cdeebccc8,Africa,Outbreak,Outbreak ~ scale(Year) + Outbreak_lead + CLIMATIC_lead_avg + ECOLOGICAL_lead_avg + (1 | Country),1088,1317.1130424186017,1317.1907482465388,1347.065620983097,-652.5565212093009,TRUE,"{""(Intercept)"":{""Estimate"":-1.1951,""StdError"":0.156},""scale(Year)"":{""Estimate"":0.2745,""StdError"":0.0728},""Outbreak_lead"":{""Estimate"":0.6093,""StdError"":0.1517},""CLIMATIC_lead_avg"":{""Estimate"":0.1881,""StdError"":0.0951},""ECOLOGICAL_lead_avg"":{""Estimate"":-0.0287,""StdError"":0.4587}}",NA
119c8bb6ae1d13902a679e0a3b374a74,Africa,Outbreak,Outbreak ~ scale(Year) + Outbreak_lead + CLIMATIC_lead_avg + ECONOMIC_lead_avg + (1 | Country),1088,1312.8192754949964,1312.8969813229335,1342.7718540594917,-650.4096377474982,TRUE,"{""(Intercept)"":{""Estimate"":-1.5182,""StdError"":0.211},""scale(Year)"":{""Estimate"":0.3708,""StdError"":0.0865},""Outbreak_lead"":{""Estimate"":0.6404,""StdError"":0.1516},""CLIMATIC_lead_avg"":{""Estimate"":0.2127,""StdError"":0.0922},""ECONOMIC_lead_avg"":{""Estimate"":0.372,""StdError"":0.1746}}",NA
1d22d8c7cd92cfd91242bb06c8d9a605,Africa,Outbreak,Outbreak ~ scale(Year) + Outbreak_lead + CONFLICTS_lead_avg + ECOLOGICAL_lead_avg + (1 | Country),1088,1320.1795483334085,1320.2572541613456,1350.1321268979038,-654.0897741667043,TRUE,"{""(Intercept)"":{""Estimate"":-1.0253,""StdError"":0.1296},""scale(Year)"":{""Estimate"":0.3053,""StdError"":0.0708},""Outbreak_lead"":{""Estimate"":0.6075,""StdError"":0.1517},""CONFLICTS_lead_avg"":{""Estimate"":0.0015,""StdError"":0.0019},""ECOLOGICAL_lead_avg"":{""Estimate"":-0.0243,""StdError"":0.4619}}",NA
1d22d8c7cd92cfd91242bb06c8d9a605,Africa,Outbreak,Outbreak ~ scale(Year) + Outbreak_lead + CONFLICTS_lead_avg + ECOLOGICAL_lead_avg + (1 | Country),1088,1320.1795483334085,1320.2572541613456,1350.1321268979038,-654.0897741667043,TRUE,"{""(Intercept)"":{""Estimate"":-1.0253,""StdError"":0.1296},""scale(Year)"":{""Estimate"":0.3053,""StdError"":0.0708},""Outbreak_lead"":{""Estimate"":0.6075,""StdError"":0.1517},""CONFLICTS_lead_avg"":{""Estimate"":0.0015,""StdError"":0.0019},""ECOLOGICAL_lead_avg"":{""Estimate"":-0.0243,""StdError"":0.4619}}",NA
8eff5057c2a6e26e77fce506fbb51eb2,Africa,Outbreak,Outbreak ~ scale(Year) + Outbreak_lead + CONFLICTS_lead_avg + ECONOMIC_lead_avg + (1 | Country),1088,1317.2708910351907,1317.3485968631278,1347.223469599686,-652.6354455175954,TRUE,"{""(Intercept)"":{""Estimate"":-1.2731,""StdError"":0.1875},""scale(Year)"":{""Estimate"":0.3912,""StdError"":0.087},""Outbreak_lead"":{""Estimate"":0.6338,""StdError"":0.1517},""CONFLICTS_lead_avg"":{""Estimate"":0.0014,""StdError"":0.0018},""ECONOMIC_lead_avg"":{""Estimate"":0.312,""StdError"":0.1793}}",NA
4b600861efd9af4efa183e7231ea89ea,Africa,Outbreak,Outbreak ~ scale(Year) + Outbreak_lead + ECOLOGICAL_lead_avg + ECONOMIC_lead_avg + (1 | Country),1088,1317.8458219887632,1317.9235278167002,1347.7984005532585,-652.9229109943816,TRUE,"{""(Intercept)"":{""Estimate"":-1.2626,""StdError"":0.1903},""scale(Year)"":{""Estimate"":0.4005,""StdError"":0.0866},""Outbreak_lead"":{""Estimate"":0.6341,""StdError"":0.152},""ECOLOGICAL_lead_avg"":{""Estimate"":-0.0056,""StdError"":0.4588},""ECONOMIC_lead_avg"":{""Estimate"":0.3186,""StdError"":0.1795}}",NA
6672eabb6e75f54e703e2c17b2c2e936,Africa,Outbreak,Outbreak ~ scale(Year) + Outbreak_lead + CLIMATIC_lead_avg + CONFLICTS_lead_avg + (1 | Country),1088,1316.6229514900515,1316.7006573179885,1346.5755300545468,-652.3114757450257,TRUE,"{""(Intercept)"":{""Estimate"":-1.2062,""StdError"":0.154},""scale(Year)"":{""Estimate"":0.2687,""StdError"":0.0729},""Outbreak_lead"":{""Estimate"":0.6079,""StdError"":0.1514},""CLIMATIC_lead_avg"":{""Estimate"":0.1828,""StdError"":0.0952},""CONFLICTS_lead_avg"":{""Estimate"":0.0013,""StdError"":0.0018}}",NA
6672eabb6e75f54e703e2c17b2c2e936,Africa,Outbreak,Outbreak ~ scale(Year) + Outbreak_lead + CLIMATIC_lead_avg + CONFLICTS_lead_avg + (1 | Country),1088,1316.6229514900515,1316.7006573179885,1346.5755300545468,-652.3114757450257,TRUE,"{""(Intercept)"":{""Estimate"":-1.2062,""StdError"":0.154},""scale(Year)"":{""Estimate"":0.2687,""StdError"":0.0729},""Outbreak_lead"":{""Estimate"":0.6079,""StdError"":0.1514},""CLIMATIC_lead_avg"":{""Estimate"":0.1828,""StdError"":0.0952},""CONFLICTS_lead_avg"":{""Estimate"":0.0013,""StdError"":0.0018}}",NA
6672eabb6e75f54e703e2c17b2c2e936,Africa,Outbreak,Outbreak ~ scale(Year) + Outbreak_lead + CLIMATIC_lead_avg + CONFLICTS_lead_avg + (1 | Country),1088,1316.6229514900515,1316.7006573179885,1346.5755300545468,-652.3114757450257,TRUE,"{""(Intercept)"":{""Estimate"":-1.2062,""StdError"":0.154},""scale(Year)"":{""Estimate"":0.2687,""StdError"":0.0729},""Outbreak_lead"":{""Estimate"":0.6079,""StdError"":0.1514},""CLIMATIC_lead_avg"":{""Estimate"":0.1828,""StdError"":0.0952},""CONFLICTS_lead_avg"":{""Estimate"":0.0013,""StdError"":0.0018}}",NA
f1530d3ceaae8418cb66b69cdeebccc8,Africa,Outbreak,Outbreak ~ scale(Year) + Outbreak_lead + CLIMATIC_lead_avg + ECOLOGICAL_lead_avg + (1 | Country),1088,1317.1130424186017,1317.1907482465388,1347.065620983097,-652.5565212093009,TRUE,"{""(Intercept)"":{""Estimate"":-1.1951,""StdError"":0.156},""scale(Year)"":{""Estimate"":0.2745,""StdError"":0.0728},""Outbreak_lead"":{""Estimate"":0.6093,""StdError"":0.1517},""CLIMATIC_lead_avg"":{""Estimate"":0.1881,""StdError"":0.0951},""ECOLOGICAL_lead_avg"":{""Estimate"":-0.0287,""StdError"":0.4587}}",NA
1d22d8c7cd92cfd91242bb06c8d9a605,Africa,Outbreak,Outbreak ~ scale(Year) + Outbreak_lead + CONFLICTS_lead_avg + ECOLOGICAL_lead_avg + (1 | Country),1088,1320.1795483334085,1320.2572541613456,1350.1321268979038,-654.0897741667043,TRUE,"{""(Intercept)"":{""Estimate"":-1.0253,""StdError"":0.1296},""scale(Year)"":{""Estimate"":0.3053,""StdError"":0.0708},""Outbreak_lead"":{""Estimate"":0.6075,""StdError"":0.1517},""CONFLICTS_lead_avg"":{""Estimate"":0.0015,""StdError"":0.0019},""ECOLOGICAL_lead_avg"":{""Estimate"":-0.0243,""StdError"":0.4619}}",NA
6672eabb6e75f54e703e2c17b2c2e936,Africa,Outbreak,Outbreak ~ scale(Year) + Outbreak_lead + CLIMATIC_lead_avg + CONFLICTS_lead_avg + (1 | Country),1088,1316.6229514900515,1316.7006573179885,1346.5755300545468,-652.3114757450257,TRUE,"{""(Intercept)"":{""Estimate"":-1.2062,""StdError"":0.154},""scale(Year)"":{""Estimate"":0.2687,""StdError"":0.0729},""Outbreak_lead"":{""Estimate"":0.6079,""StdError"":0.1514},""CLIMATIC_lead_avg"":{""Estimate"":0.1828,""StdError"":0.0952},""CONFLICTS_lead_avg"":{""Estimate"":0.0013,""StdError"":0.0018}}",NA
43be51aac70e8f9ebb1f7070ccdc7f87,America,Outbreak,Outbreak ~ scale(Year) + Outbreak_lead + CLIMATIC_lead_avg + (1 | Country),608,653.5148846593172,653.6145524334036,675.565759069148,-321.7574423296586,TRUE,"{""(Intercept)"":{""Estimate"":-1.5862,""StdError"":0.134},""scale(Year)"":{""Estimate"":0.1694,""StdError"":0.0976},""Outbreak_lead"":{""Estimate"":0.8265,""StdError"":0.2213},""CLIMATIC_lead_avg"":{""Estimate"":0.0803,""StdError"":0.0216}}",NA
5f34f15bfc405fd10c48a4448e52c14b,America,Outbreak,Outbreak ~ scale(Year) + Outbreak_lead + CONFLICTS_lead_avg + (1 | Country),608,663.1943380440601,663.2940058181465,685.245212453891,-326.5971690220301,TRUE,"{""(Intercept)"":{""Estimate"":-1.4523,""StdError"":0.149},""scale(Year)"":{""Estimate"":0.2188,""StdError"":0.1008},""Outbreak_lead"":{""Estimate"":0.803,""StdError"":0.2209},""CONFLICTS_lead_avg"":{""Estimate"":0.0038,""StdError"":0.0028}}",NA
4af8eac3f27a26e346fd3063d6ca93c4,America,Outbreak,Outbreak ~ scale(Year) + Outbreak_lead + ECOLOGICAL_lead_avg + (1 | Country),608,660.373200056509,660.4728678305953,682.4240744663398,-325.1866000282545,TRUE,"{""(Intercept)"":{""Estimate"":-1.3115,""StdError"":0.1533},""scale(Year)"":{""Estimate"":0.2028,""StdError"":0.0976},""Outbreak_lead"":{""Estimate"":0.8031,""StdError"":0.2213},""ECOLOGICAL_lead_avg"":{""Estimate"":-1.8389,""StdError"":0.9112}}",NA
3d6bb5366c76192b85bc4644a112cc77,America,Outbreak,Outbreak ~ scale(Year) + Outbreak_lead + ECONOMIC_lead_avg + (1 | Country),608,664.9657319120205,665.0653996861068,687.0166063218513,-327.48286595601024,TRUE,"{""(Intercept)"":{""Estimate"":-1.4264,""StdError"":0.1874},""scale(Year)"":{""Estimate"":0.1905,""StdError"":0.1065},""Outbreak_lead"":{""Estimate"":0.8169,""StdError"":0.2211},""ECONOMIC_lead_avg"":{""Estimate"":0.0365,""StdError"":0.2339}}",NA
fa01045a62dbc1b0325880a9f89e968a,America,Outbreak,Outbreak ~ scale(Year) + Outbreak_lead + TECHNOLOGICAL_lead_avg + (1 | Country),608,653.7588026017612,653.8584703758476,675.809677011592,-321.8794013008806,TRUE,"{""(Intercept)"":{""Estimate"":-1.6329,""StdError"":0.1372},""scale(Year)"":{""Estimate"":0.1882,""StdError"":0.0974},""Outbreak_lead"":{""Estimate"":0.8227,""StdError"":0.2104},""TECHNOLOGICAL_lead_avg"":{""Estimate"":0.1965,""StdError"":0.0498}}",NA
8d92b62da768ab614900bf1ea61f2f64,America,Outbreak,Outbreak ~ scale(Year) + Outbreak_lead + CLIMATIC_lead_avg + CONFLICTS_lead_avg + (1 | Country),608,654.3585477392588,654.4983147941673,680.8195970310559,-321.1792738696294,TRUE,"{""(Intercept)"":{""Estimate"":-1.6121,""StdError"":0.1373},""scale(Year)"":{""Estimate"":0.1937,""StdError"":0.1004},""Outbreak_lead"":{""Estimate"":0.8104,""StdError"":0.2218},""CLIMATIC_lead_avg"":{""Estimate"":0.0779,""StdError"":0.0217},""CONFLICTS_lead_avg"":{""Estimate"":0.0026,""StdError"":0.0024}}",NA
9a98a3905a36efc3647d56c584be73bb,America,Outbreak,Outbreak ~ scale(Year) + Outbreak_lead + CLIMATIC_lead_avg + ECOLOGICAL_lead_avg + (1 | Country),608,652.0169960824172,652.1567631373257,678.4780453742143,-320.0084980412086,TRUE,"{""(Intercept)"":{""Estimate"":-1.4987,""StdError"":0.1429},""scale(Year)"":{""Estimate"":0.1841,""StdError"":0.0978},""Outbreak_lead"":{""Estimate"":0.8094,""StdError"":0.2218},""CLIMATIC_lead_avg"":{""Estimate"":0.0785,""StdError"":0.0221},""ECOLOGICAL_lead_avg"":{""Estimate"":-1.608,""StdError"":0.9133}}",NA
72f2fd43dc76492efce61b42a6fc3742,America,Outbreak,Outbreak ~ scale(Year) + Outbreak_lead + CLIMATIC_lead_avg + ECONOMIC_lead_avg + (1 | Country),608,655.3419266703283,655.4816937252368,681.8029759621254,-321.6709633351642,TRUE,"{""(Intercept)"":{""Estimate"":-1.6358,""StdError"":0.1822},""scale(Year)"":{""Estimate"":0.1851,""StdError"":0.1049},""Outbreak_lead"":{""Estimate"":0.8211,""StdError"":0.2218},""CLIMATIC_lead_avg"":{""Estimate"":0.0824,""StdError"":0.0225},""ECONOMIC_lead_avg"":{""Estimate"":0.0877,""StdError"":0.2122}}",NA
41c4953190f15d2f8b535e510c67f069,America,Outbreak,Outbreak ~ scale(Year) + Outbreak_lead + CLIMATIC_lead_avg + TECHNOLOGICAL_lead_avg + (1 | Country),608,652.017506624097,652.1572736790055,678.478555915894,-320.0087533120485,TRUE,"{""(Intercept)"":{""Estimate"":-1.6609,""StdError"":0.1384},""scale(Year)"":{""Estimate"":0.1783,""StdError"":0.098},""Outbreak_lead"":{""Estimate"":0.7914,""StdError"":0.2122},""CLIMATIC_lead_avg"":{""Estimate"":0.0493,""StdError"":0.026},""TECHNOLOGICAL_lead_avg"":{""Estimate"":0.1216,""StdError"":0.064}}",NA
e16b10e3bedca3a938867957e3ebb01f,America,Outbreak,Outbreak ~ scale(Year) + Outbreak_lead + CONFLICTS_lead_avg + ECOLOGICAL_lead_avg + (1 | Country),608,660.5178084719747,660.6575755268832,686.9788577637718,-324.25890423598736,TRUE,"{""(Intercept)"":{""Estimate"":-1.3566,""StdError"":0.1563},""scale(Year)"":{""Estimate"":0.2384,""StdError"":0.1012},""Outbreak_lead"":{""Estimate"":0.7844,""StdError"":0.2217},""CONFLICTS_lead_avg"":{""Estimate"":0.004,""StdError"":0.0029},""ECOLOGICAL_lead_avg"":{""Estimate"":-1.8511,""StdError"":0.9124}}",NA
af500b0c1da7685185338a2315c12537,America,Outbreak,Outbreak ~ scale(Year) + Outbreak_lead + CONFLICTS_lead_avg + ECONOMIC_lead_avg + (1 | Country),608,665.1464384511728,665.2862055060813,691.6074877429699,-326.5732192255864,TRUE,"{""(Intercept)"":{""Estimate"":-1.4779,""StdError"":0.1907},""scale(Year)"":{""Estimate"":0.2286,""StdError"":0.1104},""Outbreak_lead"":{""Estimate"":0.8004,""StdError"":0.2213},""CONFLICTS_lead_avg"":{""Estimate"":0.0039,""StdError"":0.0028},""ECONOMIC_lead_avg"":{""Estimate"":0.0506,""StdError"":0.2315}}",NA
f33f841cfc2680193ae4a602823df19d,America,Outbreak,Outbreak ~ scale(Year) + Outbreak_lead + CONFLICTS_lead_avg + TECHNOLOGICAL_lead_avg + (1 | Country),608,654.9002106284372,655.0399776833457,681.3612599202343,-321.4501053142186,TRUE,"{""(Intercept)"":{""Estimate"":-1.6531,""StdError"":0.1413},""scale(Year)"":{""Estimate"":0.2097,""StdError"":0.1005},""Outbreak_lead"":{""Estimate"":0.805,""StdError"":0.2203},""CONFLICTS_lead_avg"":{""Estimate"":0.0023,""StdError"":0.0025},""TECHNOLOGICAL_lead_avg"":{""Estimate"":0.1894,""StdError"":0.0513}}",NA
1b14720cb63a43666adda6ea21f256b1,America,Outbreak,Outbreak ~ scale(Year) + Outbreak_lead + ECOLOGICAL_lead_avg + ECONOMIC_lead_avg + (1 | Country),608,662.2810182173221,662.4207852722305,688.7420675091191,-325.14050910866104,TRUE,"{""(Intercept)"":{""Estimate"":-1.3459,""StdError"":0.1925},""scale(Year)"":{""Estimate"":0.2161,""StdError"":0.1072},""Outbreak_lead"":{""Estimate"":0.7995,""StdError"":0.2218},""ECOLOGICAL_lead_avg"":{""Estimate"":-1.8587,""StdError"":0.9148},""ECONOMIC_lead_avg"":{""Estimate"":0.0714,""StdError"":0.2361}}",NA
bd00f1c9a04b9775c7230ed1f8c56d22,America,Outbreak,Outbreak ~ scale(Year) + Outbreak_lead + ECOLOGICAL_lead_avg + TECHNOLOGICAL_lead_avg + (1 | Country),608,652.6659169084352,652.8056839633437,679.1269662002322,-320.3329584542176,TRUE,"{""(Intercept)"":{""Estimate"":-1.5439,""StdError"":0.1483},""scale(Year)"":{""Estimate"":0.2014,""StdError"":0.0977},""Outbreak_lead"":{""Estimate"":0.8059,""StdError"":0.22},""ECOLOGICAL_lead_avg"":{""Estimate"":-1.4974,""StdError"":0.9011},""TECHNOLOGICAL_lead_avg"":{""Estimate"":0.1879,""StdError"":0.052}}",NA
ff156d6125ec142e03f24dd790f3970d,America,Outbreak,Outbreak ~ scale(Year) + Outbreak_lead + ECONOMIC_lead_avg + TECHNOLOGICAL_lead_avg + (1 | Country),608,655.5021046226633,655.6418716775718,681.9631539144603,-321.75105231133165,TRUE,"{""(Intercept)"":{""Estimate"":-1.693,""StdError"":0.1841},""scale(Year)"":{""Estimate"":0.2076,""StdError"":0.1052},""Outbreak_lead"":{""Estimate"":0.8177,""StdError"":0.2199},""ECONOMIC_lead_avg"":{""Estimate"":0.1049,""StdError"":0.2083},""TECHNOLOGICAL_lead_avg"":{""Estimate"":0.2023,""StdError"":0.0518}}",NA
8d92b62da768ab614900bf1ea61f2f64,America,Outbreak,Outbreak ~ scale(Year) + Outbreak_lead + CLIMATIC_lead_avg + CONFLICTS_lead_avg + (1 | Country),608,654.3585477392588,654.4983147941673,680.8195970310559,-321.1792738696294,TRUE,"{""(Intercept)"":{""Estimate"":-1.6121,""StdError"":0.1373},""scale(Year)"":{""Estimate"":0.1937,""StdError"":0.1004},""Outbreak_lead"":{""Estimate"":0.8104,""StdError"":0.2218},""CLIMATIC_lead_avg"":{""Estimate"":0.0779,""StdError"":0.0217},""CONFLICTS_lead_avg"":{""Estimate"":0.0026,""StdError"":0.0024}}",NA
8d92b62da768ab614900bf1ea61f2f64,America,Outbreak,Outbreak ~ scale(Year) + Outbreak_lead + CLIMATIC_lead_avg + CONFLICTS_lead_avg + (1 | Country),608,654.3585477392588,654.4983147941673,680.8195970310559,-321.1792738696294,TRUE,"{""(Intercept)"":{""Estimate"":-1.6121,""StdError"":0.1373},""scale(Year)"":{""Estimate"":0.1937,""StdError"":0.1004},""Outbreak_lead"":{""Estimate"":0.8104,""StdError"":0.2218},""CLIMATIC_lead_avg"":{""Estimate"":0.0779,""StdError"":0.0217},""CONFLICTS_lead_avg"":{""Estimate"":0.0026,""StdError"":0.0024}}",NA
8d92b62da768ab614900bf1ea61f2f64,America,Outbreak,Outbreak ~ scale(Year) + Outbreak_lead + CLIMATIC_lead_avg + CONFLICTS_lead_avg + (1 | Country),608,654.3585477392588,654.4983147941673,680.8195970310559,-321.1792738696294,TRUE,"{""(Intercept)"":{""Estimate"":-1.6121,""StdError"":0.1373},""scale(Year)"":{""Estimate"":0.1937,""StdError"":0.1004},""Outbreak_lead"":{""Estimate"":0.8104,""StdError"":0.2218},""CLIMATIC_lead_avg"":{""Estimate"":0.0779,""StdError"":0.0217},""CONFLICTS_lead_avg"":{""Estimate"":0.0026,""StdError"":0.0024}}",NA
9a98a3905a36efc3647d56c584be73bb,America,Outbreak,Outbreak ~ scale(Year) + Outbreak_lead + CLIMATIC_lead_avg + ECOLOGICAL_lead_avg + (1 | Country),608,652.0169960824172,652.1567631373257,678.4780453742143,-320.0084980412086,TRUE,"{""(Intercept)"":{""Estimate"":-1.4987,""StdError"":0.1429},""scale(Year)"":{""Estimate"":0.1841,""StdError"":0.0978},""Outbreak_lead"":{""Estimate"":0.8094,""StdError"":0.2218},""CLIMATIC_lead_avg"":{""Estimate"":0.0785,""StdError"":0.0221},""ECOLOGICAL_lead_avg"":{""Estimate"":-1.608,""StdError"":0.9133}}",NA
9a98a3905a36efc3647d56c584be73bb,America,Outbreak,Outbreak ~ scale(Year) + Outbreak_lead + CLIMATIC_lead_avg + ECOLOGICAL_lead_avg + (1 | Country),608,652.0169960824172,652.1567631373257,678.4780453742143,-320.0084980412086,TRUE,"{""(Intercept)"":{""Estimate"":-1.4987,""StdError"":0.1429},""scale(Year)"":{""Estimate"":0.1841,""StdError"":0.0978},""Outbreak_lead"":{""Estimate"":0.8094,""StdError"":0.2218},""CLIMATIC_lead_avg"":{""Estimate"":0.0785,""StdError"":0.0221},""ECOLOGICAL_lead_avg"":{""Estimate"":-1.608,""StdError"":0.9133}}",NA
72f2fd43dc76492efce61b42a6fc3742,America,Outbreak,Outbreak ~ scale(Year) + Outbreak_lead + CLIMATIC_lead_avg + ECONOMIC_lead_avg + (1 | Country),608,655.3419266703283,655.4816937252368,681.8029759621254,-321.6709633351642,TRUE,"{""(Intercept)"":{""Estimate"":-1.6358,""StdError"":0.1822},""scale(Year)"":{""Estimate"":0.1851,""StdError"":0.1049},""Outbreak_lead"":{""Estimate"":0.8211,""StdError"":0.2218},""CLIMATIC_lead_avg"":{""Estimate"":0.0824,""StdError"":0.0225},""ECONOMIC_lead_avg"":{""Estimate"":0.0877,""StdError"":0.2122}}",NA
e16b10e3bedca3a938867957e3ebb01f,America,Outbreak,Outbreak ~ scale(Year) + Outbreak_lead + CONFLICTS_lead_avg + ECOLOGICAL_lead_avg + (1 | Country),608,660.5178084719747,660.6575755268832,686.9788577637718,-324.25890423598736,TRUE,"{""(Intercept)"":{""Estimate"":-1.3566,""StdError"":0.1563},""scale(Year)"":{""Estimate"":0.2384,""StdError"":0.1012},""Outbreak_lead"":{""Estimate"":0.7844,""StdError"":0.2217},""CONFLICTS_lead_avg"":{""Estimate"":0.004,""StdError"":0.0029},""ECOLOGICAL_lead_avg"":{""Estimate"":-1.8511,""StdError"":0.9124}}",NA
e16b10e3bedca3a938867957e3ebb01f,America,Outbreak,Outbreak ~ scale(Year) + Outbreak_lead + CONFLICTS_lead_avg + ECOLOGICAL_lead_avg + (1 | Country),608,660.5178084719747,660.6575755268832,686.9788577637718,-324.25890423598736,TRUE,"{""(Intercept)"":{""Estimate"":-1.3566,""StdError"":0.1563},""scale(Year)"":{""Estimate"":0.2384,""StdError"":0.1012},""Outbreak_lead"":{""Estimate"":0.7844,""StdError"":0.2217},""CONFLICTS_lead_avg"":{""Estimate"":0.004,""StdError"":0.0029},""ECOLOGICAL_lead_avg"":{""Estimate"":-1.8511,""StdError"":0.9124}}",NA
af500b0c1da7685185338a2315c12537,America,Outbreak,Outbreak ~ scale(Year) + Outbreak_lead + CONFLICTS_lead_avg + ECONOMIC_lead_avg + (1 | Country),608,665.1464384511728,665.2862055060813,691.6074877429699,-326.5732192255864,TRUE,"{""(Intercept)"":{""Estimate"":-1.4779,""StdError"":0.1907},""scale(Year)"":{""Estimate"":0.2286,""StdError"":0.1104},""Outbreak_lead"":{""Estimate"":0.8004,""StdError"":0.2213},""CONFLICTS_lead_avg"":{""Estimate"":0.0039,""StdError"":0.0028},""ECONOMIC_lead_avg"":{""Estimate"":0.0506,""StdError"":0.2315}}",NA
1b14720cb63a43666adda6ea21f256b1,America,Outbreak,Outbreak ~ scale(Year) + Outbreak_lead + ECOLOGICAL_lead_avg + ECONOMIC_lead_avg + (1 | Country),608,662.2810182173221,662.4207852722305,688.7420675091191,-325.14050910866104,TRUE,"{""(Intercept)"":{""Estimate"":-1.3459,""StdError"":0.1925},""scale(Year)"":{""Estimate"":0.2161,""StdError"":0.1072},""Outbreak_lead"":{""Estimate"":0.7995,""StdError"":0.2218},""ECOLOGICAL_lead_avg"":{""Estimate"":-1.8587,""StdError"":0.9148},""ECONOMIC_lead_avg"":{""Estimate"":0.0714,""StdError"":0.2361}}",NA
8d92b62da768ab614900bf1ea61f2f64,America,Outbreak,Outbreak ~ scale(Year) + Outbreak_lead + CLIMATIC_lead_avg + CONFLICTS_lead_avg + (1 | Country),608,654.3585477392588,654.4983147941673,680.8195970310559,-321.1792738696294,TRUE,"{""(Intercept)"":{""Estimate"":-1.6121,""StdError"":0.1373},""scale(Year)"":{""Estimate"":0.1937,""StdError"":0.1004},""Outbreak_lead"":{""Estimate"":0.8104,""StdError"":0.2218},""CLIMATIC_lead_avg"":{""Estimate"":0.0779,""StdError"":0.0217},""CONFLICTS_lead_avg"":{""Estimate"":0.0026,""StdError"":0.0024}}",NA
8d92b62da768ab614900bf1ea61f2f64,America,Outbreak,Outbreak ~ scale(Year) + Outbreak_lead + CLIMATIC_lead_avg + CONFLICTS_lead_avg + (1 | Country),608,654.3585477392588,654.4983147941673,680.8195970310559,-321.1792738696294,TRUE,"{""(Intercept)"":{""Estimate"":-1.6121,""StdError"":0.1373},""scale(Year)"":{""Estimate"":0.1937,""StdError"":0.1004},""Outbreak_lead"":{""Estimate"":0.8104,""StdError"":0.2218},""CLIMATIC_lead_avg"":{""Estimate"":0.0779,""StdError"":0.0217},""CONFLICTS_lead_avg"":{""Estimate"":0.0026,""StdError"":0.0024}}",NA
8d92b62da768ab614900bf1ea61f2f64,America,Outbreak,Outbreak ~ scale(Year) + Outbreak_lead + CLIMATIC_lead_avg + CONFLICTS_lead_avg + (1 | Country),608,654.3585477392588,654.4983147941673,680.8195970310559,-321.1792738696294,TRUE,"{""(Intercept)"":{""Estimate"":-1.6121,""StdError"":0.1373},""scale(Year)"":{""Estimate"":0.1937,""StdError"":0.1004},""Outbreak_lead"":{""Estimate"":0.8104,""StdError"":0.2218},""CLIMATIC_lead_avg"":{""Estimate"":0.0779,""StdError"":0.0217},""CONFLICTS_lead_avg"":{""Estimate"":0.0026,""StdError"":0.0024}}",NA
9a98a3905a36efc3647d56c584be73bb,America,Outbreak,Outbreak ~ scale(Year) + Outbreak_lead + CLIMATIC_lead_avg + ECOLOGICAL_lead_avg + (1 | Country),608,652.0169960824172,652.1567631373257,678.4780453742143,-320.0084980412086,TRUE,"{""(Intercept)"":{""Estimate"":-1.4987,""StdError"":0.1429},""scale(Year)"":{""Estimate"":0.1841,""StdError"":0.0978},""Outbreak_lead"":{""Estimate"":0.8094,""StdError"":0.2218},""CLIMATIC_lead_avg"":{""Estimate"":0.0785,""StdError"":0.0221},""ECOLOGICAL_lead_avg"":{""Estimate"":-1.608,""StdError"":0.9133}}",NA
e16b10e3bedca3a938867957e3ebb01f,America,Outbreak,Outbreak ~ scale(Year) + Outbreak_lead + CONFLICTS_lead_avg + ECOLOGICAL_lead_avg + (1 | Country),608,660.5178084719747,660.6575755268832,686.9788577637718,-324.25890423598736,TRUE,"{""(Intercept)"":{""Estimate"":-1.3566,""StdError"":0.1563},""scale(Year)"":{""Estimate"":0.2384,""StdError"":0.1012},""Outbreak_lead"":{""Estimate"":0.7844,""StdError"":0.2217},""CONFLICTS_lead_avg"":{""Estimate"":0.004,""StdError"":0.0029},""ECOLOGICAL_lead_avg"":{""Estimate"":-1.8511,""StdError"":0.9124}}",NA
8d92b62da768ab614900bf1ea61f2f64,America,Outbreak,Outbreak ~ scale(Year) + Outbreak_lead + CLIMATIC_lead_avg + CONFLICTS_lead_avg + (1 | Country),608,654.3585477392588,654.4983147941673,680.8195970310559,-321.1792738696294,TRUE,"{""(Intercept)"":{""Estimate"":-1.6121,""StdError"":0.1373},""scale(Year)"":{""Estimate"":0.1937,""StdError"":0.1004},""Outbreak_lead"":{""Estimate"":0.8104,""StdError"":0.2218},""CLIMATIC_lead_avg"":{""Estimate"":0.0779,""StdError"":0.0217},""CONFLICTS_lead_avg"":{""Estimate"":0.0026,""StdError"":0.0024}}",NA
3e8d073c76cdfd0c875b71555473917d,Asia,Outbreak,Outbreak ~ scale(Year) + Outbreak_lead + CLIMATIC_lead_avg + (1 | Country),966,903.5075755413494,903.5700755413494,927.873394712412,-446.7537877706747,TRUE,"{""(Intercept)"":{""Estimate"":-1.9905,""StdError"":0.1536},""scale(Year)"":{""Estimate"":0.4422,""StdError"":0.0902},""Outbreak_lead"":{""Estimate"":0.6103,""StdError"":0.1977},""CLIMATIC_lead_avg"":{""Estimate"":0.1316,""StdError"":0.0256}}",NA
fee83e97f73afa6474e6c04fe7bc5433,Asia,Outbreak,Outbreak ~ scale(Year) + Outbreak_lead + CONFLICTS_lead_avg + (1 | Country),966,925.7667836017345,925.8292836017345,950.1326027727971,-457.88339180086723,TRUE,"{""(Intercept)"":{""Estimate"":-1.6991,""StdError"":0.1704},""scale(Year)"":{""Estimate"":0.4922,""StdError"":0.0962},""Outbreak_lead"":{""Estimate"":0.6195,""StdError"":0.1967},""CONFLICTS_lead_avg"":{""Estimate"":0,""StdError"":0.0004}}",NA
dc5e4b35238edf9dbbb62fda981fc1d3,Asia,Outbreak,Outbreak ~ scale(Year) + Outbreak_lead + ECOLOGICAL_lead_avg + (1 | Country),966,924.938337610699,925.000837610699,949.3041567817617,-457.4691688053495,TRUE,"{""(Intercept)"":{""Estimate"":-1.6665,""StdError"":0.1743},""scale(Year)"":{""Estimate"":0.4947,""StdError"":0.0906},""Outbreak_lead"":{""Estimate"":0.6112,""StdError"":0.1957},""ECOLOGICAL_lead_avg"":{""Estimate"":-0.6536,""StdError"":0.7302}}",NA
71f39cdd88eff7f628facae9b9ed113c,Asia,Outbreak,Outbreak ~ scale(Year) + Outbreak_lead + ECONOMIC_lead_avg + (1 | Country),966,925.7653892159765,925.8278892159765,950.1312083870391,-457.88269460798824,TRUE,"{""(Intercept)"":{""Estimate"":-1.6931,""StdError"":0.1846},""scale(Year)"":{""Estimate"":0.4919,""StdError"":0.0958},""Outbreak_lead"":{""Estimate"":0.6181,""StdError"":0.1956},""ECONOMIC_lead_avg"":{""Estimate"":-0.0163,""StdError"":0.2427}}",NA
3fb8eb1950b45c536320dcde8a65ba52,Asia,Outbreak,Outbreak ~ scale(Year) + Outbreak_lead + TECHNOLOGICAL_lead_avg + (1 | Country),966,919.2973018701219,919.3598018701219,943.6631210411846,-454.64865093506097,TRUE,"{""(Intercept)"":{""Estimate"":-1.7979,""StdError"":0.1578},""scale(Year)"":{""Estimate"":0.507,""StdError"":0.0908},""Outbreak_lead"":{""Estimate"":0.6327,""StdError"":0.1958},""TECHNOLOGICAL_lead_avg"":{""Estimate"":0.0477,""StdError"":0.0182}}",NA
010aba8ac03c0152b0bb6a150a9d4964,Asia,Outbreak,Outbreak ~ scale(Year) + Outbreak_lead + CLIMATIC_lead_avg + CONFLICTS_lead_avg + (1 | Country),966,905.4471768693215,905.5347681101974,934.6861598745967,-446.72358843466077,TRUE,"{""(Intercept)"":{""Estimate"":-1.9939,""StdError"":0.1536},""scale(Year)"":{""Estimate"":0.4352,""StdError"":0.0945},""Outbreak_lead"":{""Estimate"":0.615,""StdError"":0.1985},""CLIMATIC_lead_avg"":{""Estimate"":0.131,""StdError"":0.0256},""CONFLICTS_lead_avg"":{""Estimate"":0.0001,""StdError"":0.0004}}",NA
9573149df25dbf5569d44df0599292b7,Asia,Outbreak,Outbreak ~ scale(Year) + Outbreak_lead + CLIMATIC_lead_avg + ECOLOGICAL_lead_avg + (1 | Country),966,904.5090377520663,904.5966289929422,933.7480207573415,-446.25451887603316,TRUE,"{""(Intercept)"":{""Estimate"":-1.9613,""StdError"":0.1572},""scale(Year)"":{""Estimate"":0.4423,""StdError"":0.0904},""Outbreak_lead"":{""Estimate"":0.6027,""StdError"":0.1979},""CLIMATIC_lead_avg"":{""Estimate"":0.1334,""StdError"":0.0258},""ECOLOGICAL_lead_avg"":{""Estimate"":-0.7047,""StdError"":0.7214}}",NA
8c5241c7aa1d891f55332cb44d55d7d4,Asia,Outbreak,Outbreak ~ scale(Year) + Outbreak_lead + CLIMATIC_lead_avg + ECONOMIC_lead_avg + (1 | Country),966,905.2284980897608,905.3160893306367,934.467481095036,-446.6142490448804,TRUE,"{""(Intercept)"":{""Estimate"":-2.0314,""StdError"":0.1722},""scale(Year)"":{""Estimate"":0.4582,""StdError"":0.0953},""Outbreak_lead"":{""Estimate"":0.6124,""StdError"":0.1977},""CLIMATIC_lead_avg"":{""Estimate"":0.1331,""StdError"":0.0256},""ECONOMIC_lead_avg"":{""Estimate"":0.1195,""StdError"":0.225}}",NA
cca79178a798ac3516112f0bfab2bf2e,Asia,Outbreak,Outbreak ~ scale(Year) + Outbreak_lead + CLIMATIC_lead_avg + TECHNOLOGICAL_lead_avg + (1 | Country),966,905.3446602954905,905.4322515363664,934.5836433007656,-446.67233014774524,TRUE,"{""(Intercept)"":{""Estimate"":-1.9929,""StdError"":0.1533},""scale(Year)"":{""Estimate"":0.4355,""StdError"":0.0917},""Outbreak_lead"":{""Estimate"":0.6137,""StdError"":0.1979},""CLIMATIC_lead_avg"":{""Estimate"":0.1417,""StdError"":0.0359},""TECHNOLOGICAL_lead_avg"":{""Estimate"":-0.0088,""StdError"":0.0218}}",NA
67af4539e669edf23d8b5fbcc5980cd1,Asia,Outbreak,Outbreak ~ scale(Year) + Outbreak_lead + CONFLICTS_lead_avg + ECOLOGICAL_lead_avg + (1 | Country),966,926.8989794490528,926.9865706899287,956.137962454328,-457.4494897245264,TRUE,"{""(Intercept)"":{""Estimate"":-1.6692,""StdError"":0.1741},""scale(Year)"":{""Estimate"":0.4881,""StdError"":0.0964},""Outbreak_lead"":{""Estimate"":0.6152,""StdError"":0.1967},""CONFLICTS_lead_avg"":{""Estimate"":0.0001,""StdError"":0.0004},""ECOLOGICAL_lead_avg"":{""Estimate"":-0.6754,""StdError"":0.7376}}",NA
6c163cf860184711faeb33dfda2e52f4,Asia,Outbreak,Outbreak ~ scale(Year) + Outbreak_lead + CONFLICTS_lead_avg + ECONOMIC_lead_avg + (1 | Country),966,927.7614681141052,927.8490593549811,957.0004511193804,-457.8807340570526,TRUE,"{""(Intercept)"":{""Estimate"":-1.6939,""StdError"":0.1848},""scale(Year)"":{""Estimate"":0.4897,""StdError"":0.1023},""Outbreak_lead"":{""Estimate"":0.6194,""StdError"":0.1967},""CONFLICTS_lead_avg"":{""Estimate"":0,""StdError"":0.0004},""ECONOMIC_lead_avg"":{""Estimate"":-0.0178,""StdError"":0.2437}}",NA
6a3737342c49d0d91a9440f43b3dfddd,Asia,Outbreak,Outbreak ~ scale(Year) + Outbreak_lead + CONFLICTS_lead_avg + TECHNOLOGICAL_lead_avg + (1 | Country),966,921.2281638412378,921.3157550821137,950.467146846513,-454.6140819206189,TRUE,"{""(Intercept)"":{""Estimate"":-1.803,""StdError"":0.1582},""scale(Year)"":{""Estimate"":0.4989,""StdError"":0.0958},""Outbreak_lead"":{""Estimate"":0.638,""StdError"":0.1968},""CONFLICTS_lead_avg"":{""Estimate"":0.0001,""StdError"":0.0004},""TECHNOLOGICAL_lead_avg"":{""Estimate"":0.0478,""StdError"":0.0181}}",NA
527bdaa4ec9624845da2d8fb143bbe92,Asia,Outbreak,Outbreak ~ scale(Year) + Outbreak_lead + ECOLOGICAL_lead_avg + ECONOMIC_lead_avg + (1 | Country),966,926.9376929842413,927.0252842251172,956.1766759895164,-457.46884649212063,TRUE,"{""(Intercept)"":{""Estimate"":-1.6647,""StdError"":0.1886},""scale(Year)"":{""Estimate"":0.4939,""StdError"":0.0961},""Outbreak_lead"":{""Estimate"":0.6111,""StdError"":0.1958},""ECOLOGICAL_lead_avg"":{""Estimate"":-0.6527,""StdError"":0.7309},""ECONOMIC_lead_avg"":{""Estimate"":-0.0062,""StdError"":0.2437}}",NA
c6eb2e64dc06a20e10053e01abaff91e,Asia,Outbreak,Outbreak ~ scale(Year) + Outbreak_lead + ECOLOGICAL_lead_avg + TECHNOLOGICAL_lead_avg + (1 | Country),966,920.43276973374,920.5203609746159,949.6717527390151,-454.21638486687,TRUE,"{""(Intercept)"":{""Estimate"":-1.7673,""StdError"":0.1625},""scale(Year)"":{""Estimate"":0.5077,""StdError"":0.091},""Outbreak_lead"":{""Estimate"":0.6243,""StdError"":0.196},""ECOLOGICAL_lead_avg"":{""Estimate"":-0.6618,""StdError"":0.7272},""TECHNOLOGICAL_lead_avg"":{""Estimate"":0.0481,""StdError"":0.0183}}",NA
c372468beedcf6a5573d2889d3676aba,Asia,Outbreak,Outbreak ~ scale(Year) + Outbreak_lead + ECONOMIC_lead_avg + TECHNOLOGICAL_lead_avg + (1 | Country),966,921.2687157334026,921.3563069742785,950.5076987386777,-454.6343578667013,TRUE,"{""(Intercept)"":{""Estimate"":-1.8106,""StdError"":0.1749},""scale(Year)"":{""Estimate"":0.5124,""StdError"":0.0962},""Outbreak_lead"":{""Estimate"":0.6335,""StdError"":0.1959},""ECONOMIC_lead_avg"":{""Estimate"":0.0397,""StdError"":0.2347},""TECHNOLOGICAL_lead_avg"":{""Estimate"":0.048,""StdError"":0.0183}}",NA
010aba8ac03c0152b0bb6a150a9d4964,Asia,Outbreak,Outbreak ~ scale(Year) + Outbreak_lead + CLIMATIC_lead_avg + CONFLICTS_lead_avg + (1 | Country),966,905.4471768693215,905.5347681101974,934.6861598745967,-446.72358843466077,TRUE,"{""(Intercept)"":{""Estimate"":-1.9939,""StdError"":0.1536},""scale(Year)"":{""Estimate"":0.4352,""StdError"":0.0945},""Outbreak_lead"":{""Estimate"":0.615,""StdError"":0.1985},""CLIMATIC_lead_avg"":{""Estimate"":0.131,""StdError"":0.0256},""CONFLICTS_lead_avg"":{""Estimate"":0.0001,""StdError"":0.0004}}",NA
010aba8ac03c0152b0bb6a150a9d4964,Asia,Outbreak,Outbreak ~ scale(Year) + Outbreak_lead + CLIMATIC_lead_avg + CONFLICTS_lead_avg + (1 | Country),966,905.4471768693215,905.5347681101974,934.6861598745967,-446.72358843466077,TRUE,"{""(Intercept)"":{""Estimate"":-1.9939,""StdError"":0.1536},""scale(Year)"":{""Estimate"":0.4352,""StdError"":0.0945},""Outbreak_lead"":{""Estimate"":0.615,""StdError"":0.1985},""CLIMATIC_lead_avg"":{""Estimate"":0.131,""StdError"":0.0256},""CONFLICTS_lead_avg"":{""Estimate"":0.0001,""StdError"":0.0004}}",NA
010aba8ac03c0152b0bb6a150a9d4964,Asia,Outbreak,Outbreak ~ scale(Year) + Outbreak_lead + CLIMATIC_lead_avg + CONFLICTS_lead_avg + (1 | Country),966,905.4471768693215,905.5347681101974,934.6861598745967,-446.72358843466077,TRUE,"{""(Intercept)"":{""Estimate"":-1.9939,""StdError"":0.1536},""scale(Year)"":{""Estimate"":0.4352,""StdError"":0.0945},""Outbreak_lead"":{""Estimate"":0.615,""StdError"":0.1985},""CLIMATIC_lead_avg"":{""Estimate"":0.131,""StdError"":0.0256},""CONFLICTS_lead_avg"":{""Estimate"":0.0001,""StdError"":0.0004}}",NA
9573149df25dbf5569d44df0599292b7,Asia,Outbreak,Outbreak ~ scale(Year) + Outbreak_lead + CLIMATIC_lead_avg + ECOLOGICAL_lead_avg + (1 | Country),966,904.5090377520663,904.5966289929422,933.7480207573415,-446.25451887603316,TRUE,"{""(Intercept)"":{""Estimate"":-1.9613,""StdError"":0.1572},""scale(Year)"":{""Estimate"":0.4423,""StdError"":0.0904},""Outbreak_lead"":{""Estimate"":0.6027,""StdError"":0.1979},""CLIMATIC_lead_avg"":{""Estimate"":0.1334,""StdError"":0.0258},""ECOLOGICAL_lead_avg"":{""Estimate"":-0.7047,""StdError"":0.7214}}",NA
9573149df25dbf5569d44df0599292b7,Asia,Outbreak,Outbreak ~ scale(Year) + Outbreak_lead + CLIMATIC_lead_avg + ECOLOGICAL_lead_avg + (1 | Country),966,904.5090377520663,904.5966289929422,933.7480207573415,-446.25451887603316,TRUE,"{""(Intercept)"":{""Estimate"":-1.9613,""StdError"":0.1572},""scale(Year)"":{""Estimate"":0.4423,""StdError"":0.0904},""Outbreak_lead"":{""Estimate"":0.6027,""StdError"":0.1979},""CLIMATIC_lead_avg"":{""Estimate"":0.1334,""StdError"":0.0258},""ECOLOGICAL_lead_avg"":{""Estimate"":-0.7047,""StdError"":0.7214}}",NA
8c5241c7aa1d891f55332cb44d55d7d4,Asia,Outbreak,Outbreak ~ scale(Year) + Outbreak_lead + CLIMATIC_lead_avg + ECONOMIC_lead_avg + (1 | Country),966,905.2284980897608,905.3160893306367,934.467481095036,-446.6142490448804,TRUE,"{""(Intercept)"":{""Estimate"":-2.0314,""StdError"":0.1722},""scale(Year)"":{""Estimate"":0.4582,""StdError"":0.0953},""Outbreak_lead"":{""Estimate"":0.6124,""StdError"":0.1977},""CLIMATIC_lead_avg"":{""Estimate"":0.1331,""StdError"":0.0256},""ECONOMIC_lead_avg"":{""Estimate"":0.1195,""StdError"":0.225}}",NA
67af4539e669edf23d8b5fbcc5980cd1,Asia,Outbreak,Outbreak ~ scale(Year) + Outbreak_lead + CONFLICTS_lead_avg + ECOLOGICAL_lead_avg + (1 | Country),966,926.8989794490528,926.9865706899287,956.137962454328,-457.4494897245264,TRUE,"{""(Intercept)"":{""Estimate"":-1.6692,""StdError"":0.1741},""scale(Year)"":{""Estimate"":0.4881,""StdError"":0.0964},""Outbreak_lead"":{""Estimate"":0.6152,""StdError"":0.1967},""CONFLICTS_lead_avg"":{""Estimate"":0.0001,""StdError"":0.0004},""ECOLOGICAL_lead_avg"":{""Estimate"":-0.6754,""StdError"":0.7376}}",NA
67af4539e669edf23d8b5fbcc5980cd1,Asia,Outbreak,Outbreak ~ scale(Year) + Outbreak_lead + CONFLICTS_lead_avg + ECOLOGICAL_lead_avg + (1 | Country),966,926.8989794490528,926.9865706899287,956.137962454328,-457.4494897245264,TRUE,"{""(Intercept)"":{""Estimate"":-1.6692,""StdError"":0.1741},""scale(Year)"":{""Estimate"":0.4881,""StdError"":0.0964},""Outbreak_lead"":{""Estimate"":0.6152,""StdError"":0.1967},""CONFLICTS_lead_avg"":{""Estimate"":0.0001,""StdError"":0.0004},""ECOLOGICAL_lead_avg"":{""Estimate"":-0.6754,""StdError"":0.7376}}",NA
6c163cf860184711faeb33dfda2e52f4,Asia,Outbreak,Outbreak ~ scale(Year) + Outbreak_lead + CONFLICTS_lead_avg + ECONOMIC_lead_avg + (1 | Country),966,927.7614681141052,927.8490593549811,957.0004511193804,-457.8807340570526,TRUE,"{""(Intercept)"":{""Estimate"":-1.6939,""StdError"":0.1848},""scale(Year)"":{""Estimate"":0.4897,""StdError"":0.1023},""Outbreak_lead"":{""Estimate"":0.6194,""StdError"":0.1967},""CONFLICTS_lead_avg"":{""Estimate"":0,""StdError"":0.0004},""ECONOMIC_lead_avg"":{""Estimate"":-0.0178,""StdError"":0.2437}}",NA
527bdaa4ec9624845da2d8fb143bbe92,Asia,Outbreak,Outbreak ~ scale(Year) + Outbreak_lead + ECOLOGICAL_lead_avg + ECONOMIC_lead_avg + (1 | Country),966,926.9376929842413,927.0252842251172,956.1766759895164,-457.46884649212063,TRUE,"{""(Intercept)"":{""Estimate"":-1.6647,""StdError"":0.1886},""scale(Year)"":{""Estimate"":0.4939,""StdError"":0.0961},""Outbreak_lead"":{""Estimate"":0.6111,""StdError"":0.1958},""ECOLOGICAL_lead_avg"":{""Estimate"":-0.6527,""StdError"":0.7309},""ECONOMIC_lead_avg"":{""Estimate"":-0.0062,""StdError"":0.2437}}",NA
010aba8ac03c0152b0bb6a150a9d4964,Asia,Outbreak,Outbreak ~ scale(Year) + Outbreak_lead + CLIMATIC_lead_avg + CONFLICTS_lead_avg + (1 | Country),966,905.4471768693215,905.5347681101974,934.6861598745967,-446.72358843466077,TRUE,"{""(Intercept)"":{""Estimate"":-1.9939,""StdError"":0.1536},""scale(Year)"":{""Estimate"":0.4352,""StdError"":0.0945},""Outbreak_lead"":{""Estimate"":0.615,""StdError"":0.1985},""CLIMATIC_lead_avg"":{""Estimate"":0.131,""StdError"":0.0256},""CONFLICTS_lead_avg"":{""Estimate"":0.0001,""StdError"":0.0004}}",NA
010aba8ac03c0152b0bb6a150a9d4964,Asia,Outbreak,Outbreak ~ scale(Year) + Outbreak_lead + CLIMATIC_lead_avg + CONFLICTS_lead_avg + (1 | Country),966,905.4471768693215,905.5347681101974,934.6861598745967,-446.72358843466077,TRUE,"{""(Intercept)"":{""Estimate"":-1.9939,""StdError"":0.1536},""scale(Year)"":{""Estimate"":0.4352,""StdError"":0.0945},""Outbreak_lead"":{""Estimate"":0.615,""StdError"":0.1985},""CLIMATIC_lead_avg"":{""Estimate"":0.131,""StdError"":0.0256},""CONFLICTS_lead_avg"":{""Estimate"":0.0001,""StdError"":0.0004}}",NA
010aba8ac03c0152b0bb6a150a9d4964,Asia,Outbreak,Outbreak ~ scale(Year) + Outbreak_lead + CLIMATIC_lead_avg + CONFLICTS_lead_avg + (1 | Country),966,905.4471768693215,905.5347681101974,934.6861598745967,-446.72358843466077,TRUE,"{""(Intercept)"":{""Estimate"":-1.9939,""StdError"":0.1536},""scale(Year)"":{""Estimate"":0.4352,""StdError"":0.0945},""Outbreak_lead"":{""Estimate"":0.615,""StdError"":0.1985},""CLIMATIC_lead_avg"":{""Estimate"":0.131,""StdError"":0.0256},""CONFLICTS_lead_avg"":{""Estimate"":0.0001,""StdError"":0.0004}}",NA
9573149df25dbf5569d44df0599292b7,Asia,Outbreak,Outbreak ~ scale(Year) + Outbreak_lead + CLIMATIC_lead_avg + ECOLOGICAL_lead_avg + (1 | Country),966,904.5090377520663,904.5966289929422,933.7480207573415,-446.25451887603316,TRUE,"{""(Intercept)"":{""Estimate"":-1.9613,""StdError"":0.1572},""scale(Year)"":{""Estimate"":0.4423,""StdError"":0.0904},""Outbreak_lead"":{""Estimate"":0.6027,""StdError"":0.1979},""CLIMATIC_lead_avg"":{""Estimate"":0.1334,""StdError"":0.0258},""ECOLOGICAL_lead_avg"":{""Estimate"":-0.7047,""StdError"":0.7214}}",NA
67af4539e669edf23d8b5fbcc5980cd1,Asia,Outbreak,Outbreak ~ scale(Year) + Outbreak_lead + CONFLICTS_lead_avg + ECOLOGICAL_lead_avg + (1 | Country),966,926.8989794490528,926.9865706899287,956.137962454328,-457.4494897245264,TRUE,"{""(Intercept)"":{""Estimate"":-1.6692,""StdError"":0.1741},""scale(Year)"":{""Estimate"":0.4881,""StdError"":0.0964},""Outbreak_lead"":{""Estimate"":0.6152,""StdError"":0.1967},""CONFLICTS_lead_avg"":{""Estimate"":0.0001,""StdError"":0.0004},""ECOLOGICAL_lead_avg"":{""Estimate"":-0.6754,""StdError"":0.7376}}",NA
010aba8ac03c0152b0bb6a150a9d4964,Asia,Outbreak,Outbreak ~ scale(Year) + Outbreak_lead + CLIMATIC_lead_avg + CONFLICTS_lead_avg + (1 | Country),966,905.4471768693215,905.5347681101974,934.6861598745967,-446.72358843466077,TRUE,"{""(Intercept)"":{""Estimate"":-1.9939,""StdError"":0.1536},""scale(Year)"":{""Estimate"":0.4352,""StdError"":0.0945},""Outbreak_lead"":{""Estimate"":0.615,""StdError"":0.1985},""CLIMATIC_lead_avg"":{""Estimate"":0.131,""StdError"":0.0256},""CONFLICTS_lead_avg"":{""Estimate"":0.0001,""StdError"":0.0004}}",NA
741036eb6e4fd18f795521b39a08a316,Europe,Outbreak,Outbreak ~ scale(Year) + Outbreak_lead + CLIMATIC_lead_avg + (1 | Country),833,684.5660050172689,684.6385564078372,708.1911732281031,-337.28300250863447,TRUE,"{""(Intercept)"":{""Estimate"":-2.3455,""StdError"":0.1601},""scale(Year)"":{""Estimate"":0.8094,""StdError"":0.1141},""Outbreak_lead"":{""Estimate"":-0.0299,""StdError"":0.237},""CLIMATIC_lead_avg"":{""Estimate"":0.4003,""StdError"":0.0659}}",NA
dbd3cebd8c81856e63f85d5d87b76b22,Europe,Outbreak,Outbreak ~ scale(Year) + Outbreak_lead + CONFLICTS_lead_avg + (1 | Country),833,709.6764683387073,709.7490197292756,733.3016365495415,-349.83823416935365,TRUE,"{""(Intercept)"":{""Estimate"":-1.9153,""StdError"":0.1246},""scale(Year)"":{""Estimate"":0.7688,""StdError"":0.1072},""Outbreak_lead"":{""Estimate"":0.1957,""StdError"":0.2277},""CONFLICTS_lead_avg"":{""Estimate"":0.0117,""StdError"":0.0032}}",NA
789a682d24e4162858bc228b77dead8c,Europe,Outbreak,Outbreak ~ scale(Year) + Outbreak_lead + ECOLOGICAL_lead_avg + (1 | Country),833,718.3589997286892,718.4315511192575,741.9841679395234,-354.1794998643446,TRUE,"{""(Intercept)"":{""Estimate"":-1.8476,""StdError"":0.1441},""scale(Year)"":{""Estimate"":0.7828,""StdError"":0.1119},""Outbreak_lead"":{""Estimate"":0.1207,""StdError"":0.2438},""ECOLOGICAL_lead_avg"":{""Estimate"":1.8356,""StdError"":1.9892}}",NA
e827f4499e335408e08cc6d6a69b1fb5,Europe,Outbreak,Outbreak ~ scale(Year) + Outbreak_lead + ECONOMIC_lead_avg + (1 | Country),833,719.0481058789029,719.1206572694712,742.6732740897371,-354.52405293945145,TRUE,"{""(Intercept)"":{""Estimate"":-1.8444,""StdError"":0.1605},""scale(Year)"":{""Estimate"":0.765,""StdError"":0.1089},""Outbreak_lead"":{""Estimate"":0.1234,""StdError"":0.2442},""ECONOMIC_lead_avg"":{""Estimate"":0.0752,""StdError"":0.2458}}",NA
423f6ef62b17e1c40fed5310bc0aece5,Europe,Outbreak,Outbreak ~ scale(Year) + Outbreak_lead + TECHNOLOGICAL_lead_avg + (1 | Country),833,707.7807268821592,707.8532782727275,731.4058950929934,-348.8903634410796,TRUE,"{""(Intercept)"":{""Estimate"":-1.9719,""StdError"":0.1414},""scale(Year)"":{""Estimate"":0.7972,""StdError"":0.1111},""Outbreak_lead"":{""Estimate"":0.1129,""StdError"":0.2443},""TECHNOLOGICAL_lead_avg"":{""Estimate"":0.2266,""StdError"":0.0644}}",NA
0cdf8615d6571db277a4852d15fd2d92,Europe,Outbreak,Outbreak ~ scale(Year) + Outbreak_lead + CLIMATIC_lead_avg + CONFLICTS_lead_avg + (1 | Country),833,686.0406049549695,686.1422998702237,714.3908068079705,-337.02030247748473,TRUE,"{""(Intercept)"":{""Estimate"":-2.3383,""StdError"":0.1601},""scale(Year)"":{""Estimate"":0.8129,""StdError"":0.1138},""Outbreak_lead"":{""Estimate"":-0.0354,""StdError"":0.2376},""CLIMATIC_lead_avg"":{""Estimate"":0.3741,""StdError"":0.0751},""CONFLICTS_lead_avg"":{""Estimate"":0.0028,""StdError"":0.0038}}",NA
adabb3238b75e2a061c198d1c10cc4fc,Europe,Outbreak,Outbreak ~ scale(Year) + Outbreak_lead + CLIMATIC_lead_avg + ECOLOGICAL_lead_avg + (1 | Country),833,686.5572929576712,686.6589878729254,714.9074948106722,-337.2786464788356,TRUE,"{""(Intercept)"":{""Estimate"":-2.3443,""StdError"":0.1605},""scale(Year)"":{""Estimate"":0.8075,""StdError"":0.1158},""Outbreak_lead"":{""Estimate"":-0.0304,""StdError"":0.2371},""CLIMATIC_lead_avg"":{""Estimate"":0.4014,""StdError"":0.0668},""ECOLOGICAL_lead_avg"":{""Estimate"":-0.2139,""StdError"":2.3014}}",NA
a582e5ffe95297abaaeeaf16f3ff3f88,Europe,Outbreak,Outbreak ~ scale(Year) + Outbreak_lead + CLIMATIC_lead_avg + ECONOMIC_lead_avg + (1 | Country),833,686.5201714258797,686.6218663411339,714.8703732788807,-337.2600857129398,TRUE,"{""(Intercept)"":{""Estimate"":-2.3606,""StdError"":0.1754},""scale(Year)"":{""Estimate"":0.8115,""StdError"":0.1144},""Outbreak_lead"":{""Estimate"":-0.0278,""StdError"":0.2372},""CLIMATIC_lead_avg"":{""Estimate"":0.3999,""StdError"":0.066},""ECONOMIC_lead_avg"":{""Estimate"":0.0511,""StdError"":0.2381}}",NA
e12d50c6e798e1281406b9aeaf3b33cc,Europe,Outbreak,Outbreak ~ scale(Year) + Outbreak_lead + CLIMATIC_lead_avg + TECHNOLOGICAL_lead_avg + (1 | Country),833,686.4940399127355,686.5957348279898,714.8442417657366,-337.24701995636775,TRUE,"{""(Intercept)"":{""Estimate"":-2.3507,""StdError"":0.1613},""scale(Year)"":{""Estimate"":0.8066,""StdError"":0.1146},""Outbreak_lead"":{""Estimate"":-0.0309,""StdError"":0.237},""CLIMATIC_lead_avg"":{""Estimate"":0.4149,""StdError"":0.0853},""TECHNOLOGICAL_lead_avg"":{""Estimate"":-0.0198,""StdError"":0.0738}}",NA
bdebf8fcd275cc82dcfddab14ed70f48,Europe,Outbreak,Outbreak ~ scale(Year) + Outbreak_lead + CONFLICTS_lead_avg + ECOLOGICAL_lead_avg + (1 | Country),833,710.919150611605,711.0208455268593,739.2693524646061,-349.4595753058025,TRUE,"{""(Intercept)"":{""Estimate"":-1.9394,""StdError"":0.1285},""scale(Year)"":{""Estimate"":0.7878,""StdError"":0.1101},""Outbreak_lead"":{""Estimate"":0.1914,""StdError"":0.2277},""CONFLICTS_lead_avg"":{""Estimate"":0.0116,""StdError"":0.0032},""ECOLOGICAL_lead_avg"":{""Estimate"":1.7406,""StdError"":1.9138}}",NA
89ee87f781591f89a8fef0f793b54c55,Europe,Outbreak,Outbreak ~ scale(Year) + Outbreak_lead + CONFLICTS_lead_avg + ECONOMIC_lead_avg + (1 | Country),833,711.6490486267917,711.7507435420459,739.9992504797927,-349.82452431339584,TRUE,"{""(Intercept)"":{""Estimate"":-1.9269,""StdError"":0.1432},""scale(Year)"":{""Estimate"":0.7698,""StdError"":0.1074},""Outbreak_lead"":{""Estimate"":0.197,""StdError"":0.2279},""CONFLICTS_lead_avg"":{""Estimate"":0.0117,""StdError"":0.0032},""ECONOMIC_lead_avg"":{""Estimate"":0.0381,""StdError"":0.2299}}",NA
817aebc592cd9d5bdfb0fbff2bbad166,Europe,Outbreak,Outbreak ~ scale(Year) + Outbreak_lead + CONFLICTS_lead_avg + TECHNOLOGICAL_lead_avg + (1 | Country),833,708.3019147983154,708.4036097135696,736.6521166513164,-348.1509573991577,TRUE,"{""(Intercept)"":{""Estimate"":-1.9686,""StdError"":0.1351},""scale(Year)"":{""Estimate"":0.7891,""StdError"":0.1106},""Outbreak_lead"":{""Estimate"":0.1417,""StdError"":0.2454},""CONFLICTS_lead_avg"":{""Estimate"":0.006,""StdError"":0.0048},""TECHNOLOGICAL_lead_avg"":{""Estimate"":0.1501,""StdError"":0.0862}}",NA
11faa7a627d3e260ec8789c1c46257a1,Europe,Outbreak,Outbreak ~ scale(Year) + Outbreak_lead + ECOLOGICAL_lead_avg + ECONOMIC_lead_avg + (1 | Country),833,720.2725913945682,720.3742863098224,748.6227932475692,-354.1362956972841,TRUE,"{""(Intercept)"":{""Estimate"":-1.8698,""StdError"":0.1631},""scale(Year)"":{""Estimate"":0.7848,""StdError"":0.112},""Outbreak_lead"":{""Estimate"":0.1237,""StdError"":0.244},""ECOLOGICAL_lead_avg"":{""Estimate"":1.8263,""StdError"":1.9875},""ECONOMIC_lead_avg"":{""Estimate"":0.0723,""StdError"":0.2451}}",NA
b60df531c5a47e829ea0c627b865de5e,Europe,Outbreak,Outbreak ~ scale(Year) + Outbreak_lead + ECOLOGICAL_lead_avg + TECHNOLOGICAL_lead_avg + (1 | Country),833,709.5618009199721,709.6634958352264,737.9120027729732,-348.78090045998607,TRUE,"{""(Intercept)"":{""Estimate"":-1.9834,""StdError"":0.1443},""scale(Year)"":{""Estimate"":0.8073,""StdError"":0.1136},""Outbreak_lead"":{""Estimate"":0.1108,""StdError"":0.2442},""ECOLOGICAL_lead_avg"":{""Estimate"":0.9899,""StdError"":2.0693},""TECHNOLOGICAL_lead_avg"":{""Estimate"":0.2223,""StdError"":0.0652}}",NA
a97c229dca934dd73fcce98e41580a5c,Europe,Outbreak,Outbreak ~ scale(Year) + Outbreak_lead + ECONOMIC_lead_avg + TECHNOLOGICAL_lead_avg + (1 | Country),833,709.7764178941815,709.8781128094357,738.1266197471825,-348.88820894709073,TRUE,"{""(Intercept)"":{""Estimate"":-1.9672,""StdError"":0.1584},""scale(Year)"":{""Estimate"":0.7967,""StdError"":0.1114},""Outbreak_lead"":{""Estimate"":0.1126,""StdError"":0.2444},""ECONOMIC_lead_avg"":{""Estimate"":-0.0159,""StdError"":0.2425},""TECHNOLOGICAL_lead_avg"":{""Estimate"":0.2271,""StdError"":0.0648}}",NA
0cdf8615d6571db277a4852d15fd2d92,Europe,Outbreak,Outbreak ~ scale(Year) + Outbreak_lead + CLIMATIC_lead_avg + CONFLICTS_lead_avg + (1 | Country),833,686.0406049549695,686.1422998702237,714.3908068079705,-337.02030247748473,TRUE,"{""(Intercept)"":{""Estimate"":-2.3383,""StdError"":0.1601},""scale(Year)"":{""Estimate"":0.8129,""StdError"":0.1138},""Outbreak_lead"":{""Estimate"":-0.0354,""StdError"":0.2376},""CLIMATIC_lead_avg"":{""Estimate"":0.3741,""StdError"":0.0751},""CONFLICTS_lead_avg"":{""Estimate"":0.0028,""StdError"":0.0038}}",NA
0cdf8615d6571db277a4852d15fd2d92,Europe,Outbreak,Outbreak ~ scale(Year) + Outbreak_lead + CLIMATIC_lead_avg + CONFLICTS_lead_avg + (1 | Country),833,686.0406049549695,686.1422998702237,714.3908068079705,-337.02030247748473,TRUE,"{""(Intercept)"":{""Estimate"":-2.3383,""StdError"":0.1601},""scale(Year)"":{""Estimate"":0.8129,""StdError"":0.1138},""Outbreak_lead"":{""Estimate"":-0.0354,""StdError"":0.2376},""CLIMATIC_lead_avg"":{""Estimate"":0.3741,""StdError"":0.0751},""CONFLICTS_lead_avg"":{""Estimate"":0.0028,""StdError"":0.0038}}",NA
0cdf8615d6571db277a4852d15fd2d92,Europe,Outbreak,Outbreak ~ scale(Year) + Outbreak_lead + CLIMATIC_lead_avg + CONFLICTS_lead_avg + (1 | Country),833,686.0406049549695,686.1422998702237,714.3908068079705,-337.02030247748473,TRUE,"{""(Intercept)"":{""Estimate"":-2.3383,""StdError"":0.1601},""scale(Year)"":{""Estimate"":0.8129,""StdError"":0.1138},""Outbreak_lead"":{""Estimate"":-0.0354,""StdError"":0.2376},""CLIMATIC_lead_avg"":{""Estimate"":0.3741,""StdError"":0.0751},""CONFLICTS_lead_avg"":{""Estimate"":0.0028,""StdError"":0.0038}}",NA
adabb3238b75e2a061c198d1c10cc4fc,Europe,Outbreak,Outbreak ~ scale(Year) + Outbreak_lead + CLIMATIC_lead_avg + ECOLOGICAL_lead_avg + (1 | Country),833,686.5572929576712,686.6589878729254,714.9074948106722,-337.2786464788356,TRUE,"{""(Intercept)"":{""Estimate"":-2.3443,""StdError"":0.1605},""scale(Year)"":{""Estimate"":0.8075,""StdError"":0.1158},""Outbreak_lead"":{""Estimate"":-0.0304,""StdError"":0.2371},""CLIMATIC_lead_avg"":{""Estimate"":0.4014,""StdError"":0.0668},""ECOLOGICAL_lead_avg"":{""Estimate"":-0.2139,""StdError"":2.3014}}",NA
adabb3238b75e2a061c198d1c10cc4fc,Europe,Outbreak,Outbreak ~ scale(Year) + Outbreak_lead + CLIMATIC_lead_avg + ECOLOGICAL_lead_avg + (1 | Country),833,686.5572929576712,686.6589878729254,714.9074948106722,-337.2786464788356,TRUE,"{""(Intercept)"":{""Estimate"":-2.3443,""StdError"":0.1605},""scale(Year)"":{""Estimate"":0.8075,""StdError"":0.1158},""Outbreak_lead"":{""Estimate"":-0.0304,""StdError"":0.2371},""CLIMATIC_lead_avg"":{""Estimate"":0.4014,""StdError"":0.0668},""ECOLOGICAL_lead_avg"":{""Estimate"":-0.2139,""StdError"":2.3014}}",NA
a582e5ffe95297abaaeeaf16f3ff3f88,Europe,Outbreak,Outbreak ~ scale(Year) + Outbreak_lead + CLIMATIC_lead_avg + ECONOMIC_lead_avg + (1 | Country),833,686.5201714258797,686.6218663411339,714.8703732788807,-337.2600857129398,TRUE,"{""(Intercept)"":{""Estimate"":-2.3606,""StdError"":0.1754},""scale(Year)"":{""Estimate"":0.8115,""StdError"":0.1144},""Outbreak_lead"":{""Estimate"":-0.0278,""StdError"":0.2372},""CLIMATIC_lead_avg"":{""Estimate"":0.3999,""StdError"":0.066},""ECONOMIC_lead_avg"":{""Estimate"":0.0511,""StdError"":0.2381}}",NA
bdebf8fcd275cc82dcfddab14ed70f48,Europe,Outbreak,Outbreak ~ scale(Year) + Outbreak_lead + CONFLICTS_lead_avg + ECOLOGICAL_lead_avg + (1 | Country),833,710.919150611605,711.0208455268593,739.2693524646061,-349.4595753058025,TRUE,"{""(Intercept)"":{""Estimate"":-1.9394,""StdError"":0.1285},""scale(Year)"":{""Estimate"":0.7878,""StdError"":0.1101},""Outbreak_lead"":{""Estimate"":0.1914,""StdError"":0.2277},""CONFLICTS_lead_avg"":{""Estimate"":0.0116,""StdError"":0.0032},""ECOLOGICAL_lead_avg"":{""Estimate"":1.7406,""StdError"":1.9138}}",NA
bdebf8fcd275cc82dcfddab14ed70f48,Europe,Outbreak,Outbreak ~ scale(Year) + Outbreak_lead + CONFLICTS_lead_avg + ECOLOGICAL_lead_avg + (1 | Country),833,710.919150611605,711.0208455268593,739.2693524646061,-349.4595753058025,TRUE,"{""(Intercept)"":{""Estimate"":-1.9394,""StdError"":0.1285},""scale(Year)"":{""Estimate"":0.7878,""StdError"":0.1101},""Outbreak_lead"":{""Estimate"":0.1914,""StdError"":0.2277},""CONFLICTS_lead_avg"":{""Estimate"":0.0116,""StdError"":0.0032},""ECOLOGICAL_lead_avg"":{""Estimate"":1.7406,""StdError"":1.9138}}",NA
89ee87f781591f89a8fef0f793b54c55,Europe,Outbreak,Outbreak ~ scale(Year) + Outbreak_lead + CONFLICTS_lead_avg + ECONOMIC_lead_avg + (1 | Country),833,711.6490486267917,711.7507435420459,739.9992504797927,-349.82452431339584,TRUE,"{""(Intercept)"":{""Estimate"":-1.9269,""StdError"":0.1432},""scale(Year)"":{""Estimate"":0.7698,""StdError"":0.1074},""Outbreak_lead"":{""Estimate"":0.197,""StdError"":0.2279},""CONFLICTS_lead_avg"":{""Estimate"":0.0117,""StdError"":0.0032},""ECONOMIC_lead_avg"":{""Estimate"":0.0381,""StdError"":0.2299}}",NA
11faa7a627d3e260ec8789c1c46257a1,Europe,Outbreak,Outbreak ~ scale(Year) + Outbreak_lead + ECOLOGICAL_lead_avg + ECONOMIC_lead_avg + (1 | Country),833,720.2725913945682,720.3742863098224,748.6227932475692,-354.1362956972841,TRUE,"{""(Intercept)"":{""Estimate"":-1.8698,""StdError"":0.1631},""scale(Year)"":{""Estimate"":0.7848,""StdError"":0.112},""Outbreak_lead"":{""Estimate"":0.1237,""StdError"":0.244},""ECOLOGICAL_lead_avg"":{""Estimate"":1.8263,""StdError"":1.9875},""ECONOMIC_lead_avg"":{""Estimate"":0.0723,""StdError"":0.2451}}",NA
0cdf8615d6571db277a4852d15fd2d92,Europe,Outbreak,Outbreak ~ scale(Year) + Outbreak_lead + CLIMATIC_lead_avg + CONFLICTS_lead_avg + (1 | Country),833,686.0406049549695,686.1422998702237,714.3908068079705,-337.02030247748473,TRUE,"{""(Intercept)"":{""Estimate"":-2.3383,""StdError"":0.1601},""scale(Year)"":{""Estimate"":0.8129,""StdError"":0.1138},""Outbreak_lead"":{""Estimate"":-0.0354,""StdError"":0.2376},""CLIMATIC_lead_avg"":{""Estimate"":0.3741,""StdError"":0.0751},""CONFLICTS_lead_avg"":{""Estimate"":0.0028,""StdError"":0.0038}}",NA
0cdf8615d6571db277a4852d15fd2d92,Europe,Outbreak,Outbreak ~ scale(Year) + Outbreak_lead + CLIMATIC_lead_avg + CONFLICTS_lead_avg + (1 | Country),833,686.0406049549695,686.1422998702237,714.3908068079705,-337.02030247748473,TRUE,"{""(Intercept)"":{""Estimate"":-2.3383,""StdError"":0.1601},""scale(Year)"":{""Estimate"":0.8129,""StdError"":0.1138},""Outbreak_lead"":{""Estimate"":-0.0354,""StdError"":0.2376},""CLIMATIC_lead_avg"":{""Estimate"":0.3741,""StdError"":0.0751},""CONFLICTS_lead_avg"":{""Estimate"":0.0028,""StdError"":0.0038}}",NA
0cdf8615d6571db277a4852d15fd2d92,Europe,Outbreak,Outbreak ~ scale(Year) + Outbreak_lead + CLIMATIC_lead_avg + CONFLICTS_lead_avg + (1 | Country),833,686.0406049549695,686.1422998702237,714.3908068079705,-337.02030247748473,TRUE,"{""(Intercept)"":{""Estimate"":-2.3383,""StdError"":0.1601},""scale(Year)"":{""Estimate"":0.8129,""StdError"":0.1138},""Outbreak_lead"":{""Estimate"":-0.0354,""StdError"":0.2376},""CLIMATIC_lead_avg"":{""Estimate"":0.3741,""StdError"":0.0751},""CONFLICTS_lead_avg"":{""Estimate"":0.0028,""StdError"":0.0038}}",NA
adabb3238b75e2a061c198d1c10cc4fc,Europe,Outbreak,Outbreak ~ scale(Year) + Outbreak_lead + CLIMATIC_lead_avg + ECOLOGICAL_lead_avg + (1 | Country),833,686.5572929576712,686.6589878729254,714.9074948106722,-337.2786464788356,TRUE,"{""(Intercept)"":{""Estimate"":-2.3443,""StdError"":0.1605},""scale(Year)"":{""Estimate"":0.8075,""StdError"":0.1158},""Outbreak_lead"":{""Estimate"":-0.0304,""StdError"":0.2371},""CLIMATIC_lead_avg"":{""Estimate"":0.4014,""StdError"":0.0668},""ECOLOGICAL_lead_avg"":{""Estimate"":-0.2139,""StdError"":2.3014}}",NA
bdebf8fcd275cc82dcfddab14ed70f48,Europe,Outbreak,Outbreak ~ scale(Year) + Outbreak_lead + CONFLICTS_lead_avg + ECOLOGICAL_lead_avg + (1 | Country),833,710.919150611605,711.0208455268593,739.2693524646061,-349.4595753058025,TRUE,"{""(Intercept)"":{""Estimate"":-1.9394,""StdError"":0.1285},""scale(Year)"":{""Estimate"":0.7878,""StdError"":0.1101},""Outbreak_lead"":{""Estimate"":0.1914,""StdError"":0.2277},""CONFLICTS_lead_avg"":{""Estimate"":0.0116,""StdError"":0.0032},""ECOLOGICAL_lead_avg"":{""Estimate"":1.7406,""StdError"":1.9138}}",NA
0cdf8615d6571db277a4852d15fd2d92,Europe,Outbreak,Outbreak ~ scale(Year) + Outbreak_lead + CLIMATIC_lead_avg + CONFLICTS_lead_avg + (1 | Country),833,686.0406049549695,686.1422998702237,714.3908068079705,-337.02030247748473,TRUE,"{""(Intercept)"":{""Estimate"":-2.3383,""StdError"":0.1601},""scale(Year)"":{""Estimate"":0.8129,""StdError"":0.1138},""Outbreak_lead"":{""Estimate"":-0.0354,""StdError"":0.2376},""CLIMATIC_lead_avg"":{""Estimate"":0.3741,""StdError"":0.0751},""CONFLICTS_lead_avg"":{""Estimate"":0.0028,""StdError"":0.0038}}",NA
