spec_id,scope,dv,formula,n,aic,aicc,bic,logLik,converged,delta_aicc,akaike_weight,aicc_rank
680965ae2fae6dc76e43c9b869245269,America,Outbreak,Outbreak ~ scale(Year) + Outbreak_lag + ECONOMIC_lag_avg + TECHNOLOGICAL_lag_avg + (1 | Country),608,650.038846,650.178613,676.499895,-319.019423,True,0.0,0.219111,1
3ef304d37cc023b42fac95ec52325c94,America,Outbreak,Outbreak ~ scale(Year) + Outbreak_lag + TECHNOLOGICAL_lag_avg + (1 | Country),608,650.432382,650.53205,672.483257,-320.216191,True,0.353437,0.183619,2
9aa9c6ed5cf6429243d4fbcfcc8bda7c,America,Outbreak,Outbreak ~ scale(Year) + Outbreak_lag + CONFLICTS_lag_avg + TECHNOLOGICAL_lag_avg + (1 | Country),608,651.659409,651.799176,678.120458,-319.829705,True,1.620563,0.097446,3
c96177b7e525b6d457eab3cd4fd1d6f6,America,Outbreak,Outbreak ~ scale(Year) + Outbreak_lag + CLIMATIC_lag_avg + TECHNOLOGICAL_lag_avg + (1 | Country),608,652.114847,652.254614,678.575896,-320.057423,True,2.076001,0.077601,4
a698233f2aec1e81e5f648253fbc1795,America,Outbreak,Outbreak ~ scale(Year) + Outbreak_lag + ECOLOGICAL_lag_avg + TECHNOLOGICAL_lag_avg + (1 | Country),608,652.128957,652.268724,678.590006,-320.064478,True,2.090111,0.077055,5
ef6526b6a0bc86541208511d66e68e2a,America,Outbreak,Outbreak ~ scale(Year) + Outbreak_lag + GEOPHYSICAL_lag_avg + TECHNOLOGICAL_lag_avg + (1 | Country),608,652.351428,652.491195,678.812478,-320.175714,True,2.312582,0.068944,6
46411e6a104ae414efc845c149a251b0,America,Outbreak,Outbreak ~ scale(Year) + Outbreak_lag + CLIMATIC_lag_avg + (1 | Country),608,655.963739,656.063407,678.014613,-322.981869,True,5.884794,0.011556,7
17d46158795fd6b2665525336149b707,America,Outbreak,Outbreak ~ scale(Year) + Outbreak_lag + CLIMATIC_lag_avg + ECONOMIC_lag_avg + (1 | Country),608,655.983912,656.123679,682.444961,-321.991956,True,5.945066,0.011213,8
17d46158795fd6b2665525336149b707,America,Outbreak,Outbreak ~ scale(Year) + Outbreak_lag + CLIMATIC_lag_avg + ECONOMIC_lag_avg + (1 | Country),608,655.983912,656.123679,682.444961,-321.991956,True,5.945066,0.011213,9
17d46158795fd6b2665525336149b707,America,Outbreak,Outbreak ~ scale(Year) + Outbreak_lag + CLIMATIC_lag_avg + ECONOMIC_lag_avg + (1 | Country),608,655.983912,656.123679,682.444961,-321.991956,True,5.945066,0.011213,10
17d46158795fd6b2665525336149b707,America,Outbreak,Outbreak ~ scale(Year) + Outbreak_lag + CLIMATIC_lag_avg + ECONOMIC_lag_avg + (1 | Country),608,655.983912,656.123679,682.444961,-321.991956,True,5.945066,0.011213,11
bde3e0314807bc7cc073f76ff60091bc,America,Outbreak,Outbreak ~ scale(Year) + Outbreak_lag + CLIMATIC_lag_avg + CONFLICTS_lag_avg + (1 | Country),608,656.058774,656.198541,682.519823,-322.029387,True,6.019928,0.010801,12
bde3e0314807bc7cc073f76ff60091bc,America,Outbreak,Outbreak ~ scale(Year) + Outbreak_lag + CLIMATIC_lag_avg + CONFLICTS_lag_avg + (1 | Country),608,656.058774,656.198541,682.519823,-322.029387,True,6.019928,0.010801,13
bde3e0314807bc7cc073f76ff60091bc,America,Outbreak,Outbreak ~ scale(Year) + Outbreak_lag + CLIMATIC_lag_avg + CONFLICTS_lag_avg + (1 | Country),608,656.058774,656.198541,682.519823,-322.029387,True,6.019928,0.010801,14
bde3e0314807bc7cc073f76ff60091bc,America,Outbreak,Outbreak ~ scale(Year) + Outbreak_lag + CLIMATIC_lag_avg + CONFLICTS_lag_avg + (1 | Country),608,656.058774,656.198541,682.519823,-322.029387,True,6.019928,0.010801,15
bde3e0314807bc7cc073f76ff60091bc,America,Outbreak,Outbreak ~ scale(Year) + Outbreak_lag + CLIMATIC_lag_avg + CONFLICTS_lag_avg + (1 | Country),608,656.058774,656.198541,682.519823,-322.029387,True,6.019928,0.010801,16
bde3e0314807bc7cc073f76ff60091bc,America,Outbreak,Outbreak ~ scale(Year) + Outbreak_lag + CLIMATIC_lag_avg + CONFLICTS_lag_avg + (1 | Country),608,656.058774,656.198541,682.519823,-322.029387,True,6.019928,0.010801,17
bde3e0314807bc7cc073f76ff60091bc,America,Outbreak,Outbreak ~ scale(Year) + Outbreak_lag + CLIMATIC_lag_avg + CONFLICTS_lag_avg + (1 | Country),608,656.058774,656.198541,682.519823,-322.029387,True,6.019928,0.010801,18
bde3e0314807bc7cc073f76ff60091bc,America,Outbreak,Outbreak ~ scale(Year) + Outbreak_lag + CLIMATIC_lag_avg + CONFLICTS_lag_avg + (1 | Country),608,656.058774,656.198541,682.519823,-322.029387,True,6.019928,0.010801,19
bde3e0314807bc7cc073f76ff60091bc,America,Outbreak,Outbreak ~ scale(Year) + Outbreak_lag + CLIMATIC_lag_avg + CONFLICTS_lag_avg + (1 | Country),608,656.058774,656.198541,682.519823,-322.029387,True,6.019928,0.010801,20
bde3e0314807bc7cc073f76ff60091bc,America,Outbreak,Outbreak ~ scale(Year) + Outbreak_lag + CLIMATIC_lag_avg + CONFLICTS_lag_avg + (1 | Country),608,656.058774,656.198541,682.519823,-322.029387,True,6.019928,0.010801,21
bde3e0314807bc7cc073f76ff60091bc,America,Outbreak,Outbreak ~ scale(Year) + Outbreak_lag + CLIMATIC_lag_avg + CONFLICTS_lag_avg + (1 | Country),608,656.058774,656.198541,682.519823,-322.029387,True,6.019928,0.010801,22
bde3e0314807bc7cc073f76ff60091bc,America,Outbreak,Outbreak ~ scale(Year) + Outbreak_lag + CLIMATIC_lag_avg + CONFLICTS_lag_avg + (1 | Country),608,656.058774,656.198541,682.519823,-322.029387,True,6.019928,0.010801,23
bde3e0314807bc7cc073f76ff60091bc,America,Outbreak,Outbreak ~ scale(Year) + Outbreak_lag + CLIMATIC_lag_avg + CONFLICTS_lag_avg + (1 | Country),608,656.058774,656.198541,682.519823,-322.029387,True,6.019928,0.010801,24
bde3e0314807bc7cc073f76ff60091bc,America,Outbreak,Outbreak ~ scale(Year) + Outbreak_lag + CLIMATIC_lag_avg + CONFLICTS_lag_avg + (1 | Country),608,656.058774,656.198541,682.519823,-322.029387,True,6.019928,0.010801,25
bde3e0314807bc7cc073f76ff60091bc,America,Outbreak,Outbreak ~ scale(Year) + Outbreak_lag + CLIMATIC_lag_avg + CONFLICTS_lag_avg + (1 | Country),608,656.058774,656.198541,682.519823,-322.029387,True,6.019928,0.010801,26
bde3e0314807bc7cc073f76ff60091bc,America,Outbreak,Outbreak ~ scale(Year) + Outbreak_lag + CLIMATIC_lag_avg + CONFLICTS_lag_avg + (1 | Country),608,656.058774,656.198541,682.519823,-322.029387,True,6.019928,0.010801,27
8fa1ebe8eb328ceeb6428fea00e7e920,America,Outbreak,Outbreak ~ scale(Year) + Outbreak_lag + CLIMATIC_lag_avg + ECOLOGICAL_lag_avg + (1 | Country),608,657.844899,657.984666,684.305948,-322.922449,True,7.806053,0.004422,28
8fa1ebe8eb328ceeb6428fea00e7e920,America,Outbreak,Outbreak ~ scale(Year) + Outbreak_lag + CLIMATIC_lag_avg + ECOLOGICAL_lag_avg + (1 | Country),608,657.844899,657.984666,684.305948,-322.922449,True,7.806053,0.004422,29
8fa1ebe8eb328ceeb6428fea00e7e920,America,Outbreak,Outbreak ~ scale(Year) + Outbreak_lag + CLIMATIC_lag_avg + ECOLOGICAL_lag_avg + (1 | Country),608,657.844899,657.984666,684.305948,-322.922449,True,7.806053,0.004422,30
8fa1ebe8eb328ceeb6428fea00e7e920,America,Outbreak,Outbreak ~ scale(Year) + Outbreak_lag + CLIMATIC_lag_avg + ECOLOGICAL_lag_avg + (1 | Country),608,657.844899,657.984666,684.305948,-322.922449,True,7.806053,0.004422,31
8fa1ebe8eb328ceeb6428fea00e7e920,America,Outbreak,Outbreak ~ scale(Year) + Outbreak_lag + CLIMATIC_lag_avg + ECOLOGICAL_lag_avg + (1 | Country),608,657.844899,657.984666,684.305948,-322.922449,True,7.806053,0.004422,32
8fa1ebe8eb328ceeb6428fea00e7e920,America,Outbreak,Outbreak ~ scale(Year) + Outbreak_lag + CLIMATIC_lag_avg + ECOLOGICAL_lag_avg + (1 | Country),608,657.844899,657.984666,684.305948,-322.922449,True,7.806053,0.004422,33
8fa1ebe8eb328ceeb6428fea00e7e920,America,Outbreak,Outbreak ~ scale(Year) + Outbreak_lag + CLIMATIC_lag_avg + ECOLOGICAL_lag_avg + (1 | Country),608,657.844899,657.984666,684.305948,-322.922449,True,7.806053,0.004422,34
8fa1ebe8eb328ceeb6428fea00e7e920,America,Outbreak,Outbreak ~ scale(Year) + Outbreak_lag + CLIMATIC_lag_avg + ECOLOGICAL_lag_avg + (1 | Country),608,657.844899,657.984666,684.305948,-322.922449,True,7.806053,0.004422,35
1a7ff363f5295cb3ce0cb2ff000e0e4f,America,Outbreak,Outbreak ~ scale(Year) + Outbreak_lag + CLIMATIC_lag_avg + GEOPHYSICAL_lag_avg + (1 | Country),608,657.870856,658.010623,684.331905,-322.935428,True,7.83201,0.004365,36
1a7ff363f5295cb3ce0cb2ff000e0e4f,America,Outbreak,Outbreak ~ scale(Year) + Outbreak_lag + CLIMATIC_lag_avg + GEOPHYSICAL_lag_avg + (1 | Country),608,657.870856,658.010623,684.331905,-322.935428,True,7.83201,0.004365,37
0ca1b86444b512adc6b7067fcf64deec,America,Outbreak,Outbreak ~ scale(Year) + Outbreak_lag + CONFLICTS_lag_avg + (1 | Country),608,663.685604,663.785272,685.736479,-326.842802,True,13.606659,0.000243,38
6bd3024e145a381b9b72561a5ffab1b3,America,Outbreak,Outbreak ~ scale(Year) + Outbreak_lag + CONFLICTS_lag_avg + ECOLOGICAL_lag_avg + (1 | Country),608,664.778581,664.918348,691.23963,-326.38929,True,14.739735,0.000138,39
6bd3024e145a381b9b72561a5ffab1b3,America,Outbreak,Outbreak ~ scale(Year) + Outbreak_lag + CONFLICTS_lag_avg + ECOLOGICAL_lag_avg + (1 | Country),608,664.778581,664.918348,691.23963,-326.38929,True,14.739735,0.000138,40
6bd3024e145a381b9b72561a5ffab1b3,America,Outbreak,Outbreak ~ scale(Year) + Outbreak_lag + CONFLICTS_lag_avg + ECOLOGICAL_lag_avg + (1 | Country),608,664.778581,664.918348,691.23963,-326.38929,True,14.739735,0.000138,41
6bd3024e145a381b9b72561a5ffab1b3,America,Outbreak,Outbreak ~ scale(Year) + Outbreak_lag + CONFLICTS_lag_avg + ECOLOGICAL_lag_avg + (1 | Country),608,664.778581,664.918348,691.23963,-326.38929,True,14.739735,0.000138,42
6bd3024e145a381b9b72561a5ffab1b3,America,Outbreak,Outbreak ~ scale(Year) + Outbreak_lag + CONFLICTS_lag_avg + ECOLOGICAL_lag_avg + (1 | Country),608,664.778581,664.918348,691.23963,-326.38929,True,14.739735,0.000138,43
6bd3024e145a381b9b72561a5ffab1b3,America,Outbreak,Outbreak ~ scale(Year) + Outbreak_lag + CONFLICTS_lag_avg + ECOLOGICAL_lag_avg + (1 | Country),608,664.778581,664.918348,691.23963,-326.38929,True,14.739735,0.000138,44
6bd3024e145a381b9b72561a5ffab1b3,America,Outbreak,Outbreak ~ scale(Year) + Outbreak_lag + CONFLICTS_lag_avg + ECOLOGICAL_lag_avg + (1 | Country),608,664.778581,664.918348,691.23963,-326.38929,True,14.739735,0.000138,45
6bd3024e145a381b9b72561a5ffab1b3,America,Outbreak,Outbreak ~ scale(Year) + Outbreak_lag + CONFLICTS_lag_avg + ECOLOGICAL_lag_avg + (1 | Country),608,664.778581,664.918348,691.23963,-326.38929,True,14.739735,0.000138,46
d7c27260266d6248f0e5f9e9918e61a3,America,Outbreak,Outbreak ~ scale(Year) + Outbreak_lag + CONFLICTS_lag_avg + ECONOMIC_lag_avg + (1 | Country),608,664.854061,664.993828,691.31511,-326.427031,True,14.815215,0.000133,47
d7c27260266d6248f0e5f9e9918e61a3,America,Outbreak,Outbreak ~ scale(Year) + Outbreak_lag + CONFLICTS_lag_avg + ECONOMIC_lag_avg + (1 | Country),608,664.854061,664.993828,691.31511,-326.427031,True,14.815215,0.000133,48
d7c27260266d6248f0e5f9e9918e61a3,America,Outbreak,Outbreak ~ scale(Year) + Outbreak_lag + CONFLICTS_lag_avg + ECONOMIC_lag_avg + (1 | Country),608,664.854061,664.993828,691.31511,-326.427031,True,14.815215,0.000133,49
d7c27260266d6248f0e5f9e9918e61a3,America,Outbreak,Outbreak ~ scale(Year) + Outbreak_lag + CONFLICTS_lag_avg + ECONOMIC_lag_avg + (1 | Country),608,664.854061,664.993828,691.31511,-326.427031,True,14.815215,0.000133,50
3509ef15cb2a9608dbfedd4e921892a1,America,Outbreak,Outbreak ~ scale(Year) + Outbreak_lag + GEOPHYSICAL_lag_avg + (1 | Country),608,665.026359,665.126027,687.077233,-327.51318,True,14.947414,0.000124,51
f2cf2c5304803f54c4541e12d9c03358,America,Outbreak,Outbreak ~ scale(Year) + Outbreak_lag + ECONOMIC_lag_avg + (1 | Country),608,665.05509,665.154758,687.105964,-327.527545,True,14.976145,0.000123,52
7acad7497235541550b0c001c96fa112,America,Outbreak,Outbreak ~ scale(Year) + Outbreak_lag + CONFLICTS_lag_avg + GEOPHYSICAL_lag_avg + (1 | Country),608,665.36901,665.508777,691.830059,-326.684505,True,15.330164,0.000103,53
7acad7497235541550b0c001c96fa112,America,Outbreak,Outbreak ~ scale(Year) + Outbreak_lag + CONFLICTS_lag_avg + GEOPHYSICAL_lag_avg + (1 | Country),608,665.36901,665.508777,691.830059,-326.684505,True,15.330164,0.000103,54
b8ef16bc575b99e838e9def7c9faf6b6,America,Outbreak,Outbreak ~ scale(Year) + Outbreak_lag + ECOLOGICAL_lag_avg + (1 | Country),608,665.644944,665.744612,687.695819,-327.822472,True,15.565999,9.1e-05,55
2de30e374a5135399a5cc605931ca40c,America,Outbreak,Outbreak ~ scale(Year) + Outbreak_lag + ECONOMIC_lag_avg + GEOPHYSICAL_lag_avg + (1 | Country),608,666.174598,666.314365,692.635647,-327.087299,True,16.135752,6.9e-05,56
2de30e374a5135399a5cc605931ca40c,America,Outbreak,Outbreak ~ scale(Year) + Outbreak_lag + ECONOMIC_lag_avg + GEOPHYSICAL_lag_avg + (1 | Country),608,666.174598,666.314365,692.635647,-327.087299,True,16.135752,6.9e-05,57
ee313a47599109e3caf4e64921e35714,America,Outbreak,Outbreak ~ scale(Year) + Outbreak_lag + ECOLOGICAL_lag_avg + ECONOMIC_lag_avg + (1 | Country),608,666.523817,666.663584,692.984866,-327.261908,True,16.484971,5.8e-05,58
ee313a47599109e3caf4e64921e35714,America,Outbreak,Outbreak ~ scale(Year) + Outbreak_lag + ECOLOGICAL_lag_avg + ECONOMIC_lag_avg + (1 | Country),608,666.523817,666.663584,692.984866,-327.261908,True,16.484971,5.8e-05,59
ee313a47599109e3caf4e64921e35714,America,Outbreak,Outbreak ~ scale(Year) + Outbreak_lag + ECOLOGICAL_lag_avg + ECONOMIC_lag_avg + (1 | Country),608,666.523817,666.663584,692.984866,-327.261908,True,16.484971,5.8e-05,60
ee313a47599109e3caf4e64921e35714,America,Outbreak,Outbreak ~ scale(Year) + Outbreak_lag + ECOLOGICAL_lag_avg + ECONOMIC_lag_avg + (1 | Country),608,666.523817,666.663584,692.984866,-327.261908,True,16.484971,5.8e-05,61
f51931aea4dd8064d8374db7717b5eee,America,Outbreak,Outbreak ~ scale(Year) + Outbreak_lag + ECOLOGICAL_lag_avg + GEOPHYSICAL_lag_avg + (1 | Country),608,666.626035,666.765802,693.087084,-327.313017,True,16.587189,5.5e-05,62
f51931aea4dd8064d8374db7717b5eee,America,Outbreak,Outbreak ~ scale(Year) + Outbreak_lag + ECOLOGICAL_lag_avg + GEOPHYSICAL_lag_avg + (1 | Country),608,666.626035,666.765802,693.087084,-327.313017,True,16.587189,5.5e-05,63
6ece4450b52ea0a76514865cf9ceb20d,Europe,Outbreak,Outbreak ~ scale(Year) + Outbreak_lag + CLIMATIC_lag_avg + ECONOMIC_lag_avg + (1 | Country),833,724.92376,725.025455,753.273961,-356.46188,True,74.846841,0.0,64
6ece4450b52ea0a76514865cf9ceb20d,Europe,Outbreak,Outbreak ~ scale(Year) + Outbreak_lag + CLIMATIC_lag_avg + ECONOMIC_lag_avg + (1 | Country),833,724.92376,725.025455,753.273961,-356.46188,True,74.846841,0.0,65
6ece4450b52ea0a76514865cf9ceb20d,Europe,Outbreak,Outbreak ~ scale(Year) + Outbreak_lag + CLIMATIC_lag_avg + ECONOMIC_lag_avg + (1 | Country),833,724.92376,725.025455,753.273961,-356.46188,True,74.846841,0.0,66
6ece4450b52ea0a76514865cf9ceb20d,Europe,Outbreak,Outbreak ~ scale(Year) + Outbreak_lag + CLIMATIC_lag_avg + ECONOMIC_lag_avg + (1 | Country),833,724.92376,725.025455,753.273961,-356.46188,True,74.846841,0.0,67
e55bd4fc2f431c6ce0a25e68857cadc3,Europe,Outbreak,Outbreak ~ scale(Year) + Outbreak_lag + CLIMATIC_lag_avg + CONFLICTS_lag_avg + (1 | Country),833,728.839743,728.941438,757.189945,-358.419871,True,78.762825,0.0,68
e55bd4fc2f431c6ce0a25e68857cadc3,Europe,Outbreak,Outbreak ~ scale(Year) + Outbreak_lag + CLIMATIC_lag_avg + CONFLICTS_lag_avg + (1 | Country),833,728.839743,728.941438,757.189945,-358.419871,True,78.762825,0.0,69
e55bd4fc2f431c6ce0a25e68857cadc3,Europe,Outbreak,Outbreak ~ scale(Year) + Outbreak_lag + CLIMATIC_lag_avg + CONFLICTS_lag_avg + (1 | Country),833,728.839743,728.941438,757.189945,-358.419871,True,78.762825,0.0,70
e55bd4fc2f431c6ce0a25e68857cadc3,Europe,Outbreak,Outbreak ~ scale(Year) + Outbreak_lag + CLIMATIC_lag_avg + CONFLICTS_lag_avg + (1 | Country),833,728.839743,728.941438,757.189945,-358.419871,True,78.762825,0.0,71
e55bd4fc2f431c6ce0a25e68857cadc3,Europe,Outbreak,Outbreak ~ scale(Year) + Outbreak_lag + CLIMATIC_lag_avg + CONFLICTS_lag_avg + (1 | Country),833,728.839743,728.941438,757.189945,-358.419871,True,78.762825,0.0,72
e55bd4fc2f431c6ce0a25e68857cadc3,Europe,Outbreak,Outbreak ~ scale(Year) + Outbreak_lag + CLIMATIC_lag_avg + CONFLICTS_lag_avg + (1 | Country),833,728.839743,728.941438,757.189945,-358.419871,True,78.762825,0.0,73
e55bd4fc2f431c6ce0a25e68857cadc3,Europe,Outbreak,Outbreak ~ scale(Year) + Outbreak_lag + CLIMATIC_lag_avg + CONFLICTS_lag_avg + (1 | Country),833,728.839743,728.941438,757.189945,-358.419871,True,78.762825,0.0,74
e55bd4fc2f431c6ce0a25e68857cadc3,Europe,Outbreak,Outbreak ~ scale(Year) + Outbreak_lag + CLIMATIC_lag_avg + CONFLICTS_lag_avg + (1 | Country),833,728.839743,728.941438,757.189945,-358.419871,True,78.762825,0.0,75
e55bd4fc2f431c6ce0a25e68857cadc3,Europe,Outbreak,Outbreak ~ scale(Year) + Outbreak_lag + CLIMATIC_lag_avg + CONFLICTS_lag_avg + (1 | Country),833,728.839743,728.941438,757.189945,-358.419871,True,78.762825,0.0,76
e55bd4fc2f431c6ce0a25e68857cadc3,Europe,Outbreak,Outbreak ~ scale(Year) + Outbreak_lag + CLIMATIC_lag_avg + CONFLICTS_lag_avg + (1 | Country),833,728.839743,728.941438,757.189945,-358.419871,True,78.762825,0.0,77
e55bd4fc2f431c6ce0a25e68857cadc3,Europe,Outbreak,Outbreak ~ scale(Year) + Outbreak_lag + CLIMATIC_lag_avg + CONFLICTS_lag_avg + (1 | Country),833,728.839743,728.941438,757.189945,-358.419871,True,78.762825,0.0,78
e55bd4fc2f431c6ce0a25e68857cadc3,Europe,Outbreak,Outbreak ~ scale(Year) + Outbreak_lag + CLIMATIC_lag_avg + CONFLICTS_lag_avg + (1 | Country),833,728.839743,728.941438,757.189945,-358.419871,True,78.762825,0.0,79
e55bd4fc2f431c6ce0a25e68857cadc3,Europe,Outbreak,Outbreak ~ scale(Year) + Outbreak_lag + CLIMATIC_lag_avg + CONFLICTS_lag_avg + (1 | Country),833,728.839743,728.941438,757.189945,-358.419871,True,78.762825,0.0,80
e55bd4fc2f431c6ce0a25e68857cadc3,Europe,Outbreak,Outbreak ~ scale(Year) + Outbreak_lag + CLIMATIC_lag_avg + CONFLICTS_lag_avg + (1 | Country),833,728.839743,728.941438,757.189945,-358.419871,True,78.762825,0.0,81
e55bd4fc2f431c6ce0a25e68857cadc3,Europe,Outbreak,Outbreak ~ scale(Year) + Outbreak_lag + CLIMATIC_lag_avg + CONFLICTS_lag_avg + (1 | Country),833,728.839743,728.941438,757.189945,-358.419871,True,78.762825,0.0,82
e55bd4fc2f431c6ce0a25e68857cadc3,Europe,Outbreak,Outbreak ~ scale(Year) + Outbreak_lag + CLIMATIC_lag_avg + CONFLICTS_lag_avg + (1 | Country),833,728.839743,728.941438,757.189945,-358.419871,True,78.762825,0.0,83
22989c24e880c189950928a0ac1d3a87,Europe,Outbreak,Outbreak ~ scale(Year) + Outbreak_lag + CLIMATIC_lag_avg + (1 | Country),833,729.028076,729.100628,752.653244,-359.514038,True,78.922014,0.0,84
cd4f87a4a275b104b52c80c17a3f607a,Europe,Outbreak,Outbreak ~ scale(Year) + Outbreak_lag + CLIMATIC_lag_avg + TECHNOLOGICAL_lag_avg + (1 | Country),833,730.164092,730.265787,758.514294,-359.082046,True,80.087174,0.0,85
ff816cd725018f6da077852610c7b754,Europe,Outbreak,Outbreak ~ scale(Year) + Outbreak_lag + CLIMATIC_lag_avg + ECOLOGICAL_lag_avg + (1 | Country),833,730.762646,730.864341,759.112848,-359.381323,True,80.685727,0.0,86
ff816cd725018f6da077852610c7b754,Europe,Outbreak,Outbreak ~ scale(Year) + Outbreak_lag + CLIMATIC_lag_avg + ECOLOGICAL_lag_avg + (1 | Country),833,730.762646,730.864341,759.112848,-359.381323,True,80.685727,0.0,87
ff816cd725018f6da077852610c7b754,Europe,Outbreak,Outbreak ~ scale(Year) + Outbreak_lag + CLIMATIC_lag_avg + ECOLOGICAL_lag_avg + (1 | Country),833,730.762646,730.864341,759.112848,-359.381323,True,80.685727,0.0,88
ff816cd725018f6da077852610c7b754,Europe,Outbreak,Outbreak ~ scale(Year) + Outbreak_lag + CLIMATIC_lag_avg + ECOLOGICAL_lag_avg + (1 | Country),833,730.762646,730.864341,759.112848,-359.381323,True,80.685727,0.0,89
ff816cd725018f6da077852610c7b754,Europe,Outbreak,Outbreak ~ scale(Year) + Outbreak_lag + CLIMATIC_lag_avg + ECOLOGICAL_lag_avg + (1 | Country),833,730.762646,730.864341,759.112848,-359.381323,True,80.685727,0.0,90
ff816cd725018f6da077852610c7b754,Europe,Outbreak,Outbreak ~ scale(Year) + Outbreak_lag + CLIMATIC_lag_avg + ECOLOGICAL_lag_avg + (1 | Country),833,730.762646,730.864341,759.112848,-359.381323,True,80.685727,0.0,91
ff816cd725018f6da077852610c7b754,Europe,Outbreak,Outbreak ~ scale(Year) + Outbreak_lag + CLIMATIC_lag_avg + ECOLOGICAL_lag_avg + (1 | Country),833,730.762646,730.864341,759.112848,-359.381323,True,80.685727,0.0,92
ff816cd725018f6da077852610c7b754,Europe,Outbreak,Outbreak ~ scale(Year) + Outbreak_lag + CLIMATIC_lag_avg + ECOLOGICAL_lag_avg + (1 | Country),833,730.762646,730.864341,759.112848,-359.381323,True,80.685727,0.0,93
67c5e3504994b1f52b9b0eb2e74d4c43,Europe,Outbreak,Outbreak ~ scale(Year) + Outbreak_lag + CLIMATIC_lag_avg + GEOPHYSICAL_lag_avg + (1 | Country),833,730.839861,730.941556,759.190062,-359.41993,True,80.762942,0.0,94
67c5e3504994b1f52b9b0eb2e74d4c43,Europe,Outbreak,Outbreak ~ scale(Year) + Outbreak_lag + CLIMATIC_lag_avg + GEOPHYSICAL_lag_avg + (1 | Country),833,730.839861,730.941556,759.190062,-359.41993,True,80.762942,0.0,95
c4e992a6223916d21f5ec96a1ddd7d77,Europe,Outbreak,Outbreak ~ scale(Year) + Outbreak_lag + ECONOMIC_lag_avg + TECHNOLOGICAL_lag_avg + (1 | Country),833,731.753988,731.855683,760.10419,-359.876994,True,81.67707,0.0,96
b7a5a3d402b0db210ee7a4d5828ace52,Europe,Outbreak,Outbreak ~ scale(Year) + Outbreak_lag + TECHNOLOGICAL_lag_avg + (1 | Country),833,739.34961,739.422161,762.974778,-364.674805,True,89.243548,0.0,97
96b856b1259dbb047de4e3a108aecf96,Europe,Outbreak,Outbreak ~ scale(Year) + Outbreak_lag + CONFLICTS_lag_avg + TECHNOLOGICAL_lag_avg + (1 | Country),833,740.064962,740.166657,768.415164,-364.032481,True,89.988043,0.0,98
2decffa70e7c237d09c64f8ad4eb36c8,Europe,Outbreak,Outbreak ~ scale(Year) + Outbreak_lag + ECOLOGICAL_lag_avg + TECHNOLOGICAL_lag_avg + (1 | Country),833,741.033643,741.135338,769.383845,-364.516822,True,90.956725,0.0,99
71808ba6ce92f99c9080d061c6f852db,Europe,Outbreak,Outbreak ~ scale(Year) + Outbreak_lag + GEOPHYSICAL_lag_avg + TECHNOLOGICAL_lag_avg + (1 | Country),833,741.277369,741.379064,769.627571,-364.638685,True,91.200451,0.0,100
4321ae8249a9ebd241f5b0702ac0b7c0,Europe,Outbreak,Outbreak ~ scale(Year) + Outbreak_lag + CONFLICTS_lag_avg + ECONOMIC_lag_avg + (1 | Country),833,741.809877,741.911572,770.160079,-364.904938,True,91.732959,0.0,101
4321ae8249a9ebd241f5b0702ac0b7c0,Europe,Outbreak,Outbreak ~ scale(Year) + Outbreak_lag + CONFLICTS_lag_avg + ECONOMIC_lag_avg + (1 | Country),833,741.809877,741.911572,770.160079,-364.904938,True,91.732959,0.0,102
4321ae8249a9ebd241f5b0702ac0b7c0,Europe,Outbreak,Outbreak ~ scale(Year) + Outbreak_lag + CONFLICTS_lag_avg + ECONOMIC_lag_avg + (1 | Country),833,741.809877,741.911572,770.160079,-364.904938,True,91.732959,0.0,103
4321ae8249a9ebd241f5b0702ac0b7c0,Europe,Outbreak,Outbreak ~ scale(Year) + Outbreak_lag + CONFLICTS_lag_avg + ECONOMIC_lag_avg + (1 | Country),833,741.809877,741.911572,770.160079,-364.904938,True,91.732959,0.0,104
91dc1c5acfd576c1369476198b94c20f,Europe,Outbreak,Outbreak ~ scale(Year) + Outbreak_lag + CONFLICTS_lag_avg + (1 | Country),833,745.325424,745.397975,768.950592,-367.662712,True,95.219362,0.0,105
9e6645b68d2668b63c3f2e78c80aaeba,Europe,Outbreak,Outbreak ~ scale(Year) + Outbreak_lag + CONFLICTS_lag_avg + GEOPHYSICAL_lag_avg + (1 | Country),833,745.7907,745.892395,774.140902,-366.89535,True,95.713782,0.0,106
9e6645b68d2668b63c3f2e78c80aaeba,Europe,Outbreak,Outbreak ~ scale(Year) + Outbreak_lag + CONFLICTS_lag_avg + GEOPHYSICAL_lag_avg + (1 | Country),833,745.7907,745.892395,774.140902,-366.89535,True,95.713782,0.0,107
9800fc086b77f24a355dcddd035925b2,Europe,Outbreak,Outbreak ~ scale(Year) + Outbreak_lag + ECONOMIC_lag_avg + (1 | Country),833,746.047656,746.120207,769.672824,-368.023828,True,95.941594,0.0,108
20561139b6df37539e45c93ec9a2a996,Europe,Outbreak,Outbreak ~ scale(Year) + Outbreak_lag + CONFLICTS_lag_avg + ECOLOGICAL_lag_avg + (1 | Country),833,746.59651,746.698205,774.946712,-367.298255,True,96.519592,0.0,109
20561139b6df37539e45c93ec9a2a996,Europe,Outbreak,Outbreak ~ scale(Year) + Outbreak_lag + CONFLICTS_lag_avg + ECOLOGICAL_lag_avg + (1 | Country),833,746.59651,746.698205,774.946712,-367.298255,True,96.519592,0.0,110
20561139b6df37539e45c93ec9a2a996,Europe,Outbreak,Outbreak ~ scale(Year) + Outbreak_lag + CONFLICTS_lag_avg + ECOLOGICAL_lag_avg + (1 | Country),833,746.59651,746.698205,774.946712,-367.298255,True,96.519592,0.0,111
20561139b6df37539e45c93ec9a2a996,Europe,Outbreak,Outbreak ~ scale(Year) + Outbreak_lag + CONFLICTS_lag_avg + ECOLOGICAL_lag_avg + (1 | Country),833,746.59651,746.698205,774.946712,-367.298255,True,96.519592,0.0,112
20561139b6df37539e45c93ec9a2a996,Europe,Outbreak,Outbreak ~ scale(Year) + Outbreak_lag + CONFLICTS_lag_avg + ECOLOGICAL_lag_avg + (1 | Country),833,746.59651,746.698205,774.946712,-367.298255,True,96.519592,0.0,113
20561139b6df37539e45c93ec9a2a996,Europe,Outbreak,Outbreak ~ scale(Year) + Outbreak_lag + CONFLICTS_lag_avg + ECOLOGICAL_lag_avg + (1 | Country),833,746.59651,746.698205,774.946712,-367.298255,True,96.519592,0.0,114
20561139b6df37539e45c93ec9a2a996,Europe,Outbreak,Outbreak ~ scale(Year) + Outbreak_lag + CONFLICTS_lag_avg + ECOLOGICAL_lag_avg + (1 | Country),833,746.59651,746.698205,774.946712,-367.298255,True,96.519592,0.0,115
20561139b6df37539e45c93ec9a2a996,Europe,Outbreak,Outbreak ~ scale(Year) + Outbreak_lag + CONFLICTS_lag_avg + ECOLOGICAL_lag_avg + (1 | Country),833,746.59651,746.698205,774.946712,-367.298255,True,96.519592,0.0,116
d95231de637dd73bcd4fe7c36b78126c,Europe,Outbreak,Outbreak ~ scale(Year) + Outbreak_lag + ECONOMIC_lag_avg + GEOPHYSICAL_lag_avg + (1 | Country),833,746.671521,746.773216,775.021723,-367.335761,True,96.594603,0.0,117
d95231de637dd73bcd4fe7c36b78126c,Europe,Outbreak,Outbreak ~ scale(Year) + Outbreak_lag + ECONOMIC_lag_avg + GEOPHYSICAL_lag_avg + (1 | Country),833,746.671521,746.773216,775.021723,-367.335761,True,96.594603,0.0,118
20baab4c0539e36c97954be8261d064d,Europe,Outbreak,Outbreak ~ scale(Year) + Outbreak_lag + ECOLOGICAL_lag_avg + ECONOMIC_lag_avg + (1 | Country),833,747.127876,747.229571,775.478078,-367.563938,True,97.050958,0.0,119
20baab4c0539e36c97954be8261d064d,Europe,Outbreak,Outbreak ~ scale(Year) + Outbreak_lag + ECOLOGICAL_lag_avg + ECONOMIC_lag_avg + (1 | Country),833,747.127876,747.229571,775.478078,-367.563938,True,97.050958,0.0,120
20baab4c0539e36c97954be8261d064d,Europe,Outbreak,Outbreak ~ scale(Year) + Outbreak_lag + ECOLOGICAL_lag_avg + ECONOMIC_lag_avg + (1 | Country),833,747.127876,747.229571,775.478078,-367.563938,True,97.050958,0.0,121
20baab4c0539e36c97954be8261d064d,Europe,Outbreak,Outbreak ~ scale(Year) + Outbreak_lag + ECOLOGICAL_lag_avg + ECONOMIC_lag_avg + (1 | Country),833,747.127876,747.229571,775.478078,-367.563938,True,97.050958,0.0,122
76d0f4b3964c376711a917d0692dbbf0,Europe,Outbreak,Outbreak ~ scale(Year) + Outbreak_lag + GEOPHYSICAL_lag_avg + (1 | Country),833,750.487961,750.560513,774.11313,-370.243981,True,100.3819,0.0,123
fdc4cf3b824f04ac2bbaf3b36a2d17a6,Europe,Outbreak,Outbreak ~ scale(Year) + Outbreak_lag + ECOLOGICAL_lag_avg + (1 | Country),833,751.483138,751.55569,775.108306,-370.741569,True,101.377076,0.0,124
772d7e50bdac957e53fd2cb6e9d553b2,Europe,Outbreak,Outbreak ~ scale(Year) + Outbreak_lag + ECOLOGICAL_lag_avg + GEOPHYSICAL_lag_avg + (1 | Country),833,752.138451,752.240146,780.488653,-370.069226,True,102.061533,0.0,125
772d7e50bdac957e53fd2cb6e9d553b2,Europe,Outbreak,Outbreak ~ scale(Year) + Outbreak_lag + ECOLOGICAL_lag_avg + GEOPHYSICAL_lag_avg + (1 | Country),833,752.138451,752.240146,780.488653,-370.069226,True,102.061533,0.0,126
6f30bf27de0cc1cc5cec8d2f799f6984,Asia,Outbreak,Outbreak ~ scale(Year) + Outbreak_lag + CLIMATIC_lag_avg + CONFLICTS_lag_avg + (1 | Country),966,934.849161,934.936752,964.088144,-461.424581,True,284.758139,0.0,127
6f30bf27de0cc1cc5cec8d2f799f6984,Asia,Outbreak,Outbreak ~ scale(Year) + Outbreak_lag + CLIMATIC_lag_avg + CONFLICTS_lag_avg + (1 | Country),966,934.849161,934.936752,964.088144,-461.424581,True,284.758139,0.0,128
6f30bf27de0cc1cc5cec8d2f799f6984,Asia,Outbreak,Outbreak ~ scale(Year) + Outbreak_lag + CLIMATIC_lag_avg + CONFLICTS_lag_avg + (1 | Country),966,934.849161,934.936752,964.088144,-461.424581,True,284.758139,0.0,129
6f30bf27de0cc1cc5cec8d2f799f6984,Asia,Outbreak,Outbreak ~ scale(Year) + Outbreak_lag + CLIMATIC_lag_avg + CONFLICTS_lag_avg + (1 | Country),966,934.849161,934.936752,964.088144,-461.424581,True,284.758139,0.0,130
6f30bf27de0cc1cc5cec8d2f799f6984,Asia,Outbreak,Outbreak ~ scale(Year) + Outbreak_lag + CLIMATIC_lag_avg + CONFLICTS_lag_avg + (1 | Country),966,934.849161,934.936752,964.088144,-461.424581,True,284.758139,0.0,131
6f30bf27de0cc1cc5cec8d2f799f6984,Asia,Outbreak,Outbreak ~ scale(Year) + Outbreak_lag + CLIMATIC_lag_avg + CONFLICTS_lag_avg + (1 | Country),966,934.849161,934.936752,964.088144,-461.424581,True,284.758139,0.0,132
6f30bf27de0cc1cc5cec8d2f799f6984,Asia,Outbreak,Outbreak ~ scale(Year) + Outbreak_lag + CLIMATIC_lag_avg + CONFLICTS_lag_avg + (1 | Country),966,934.849161,934.936752,964.088144,-461.424581,True,284.758139,0.0,133
6f30bf27de0cc1cc5cec8d2f799f6984,Asia,Outbreak,Outbreak ~ scale(Year) + Outbreak_lag + CLIMATIC_lag_avg + CONFLICTS_lag_avg + (1 | Country),966,934.849161,934.936752,964.088144,-461.424581,True,284.758139,0.0,134
6f30bf27de0cc1cc5cec8d2f799f6984,Asia,Outbreak,Outbreak ~ scale(Year) + Outbreak_lag + CLIMATIC_lag_avg + CONFLICTS_lag_avg + (1 | Country),966,934.849161,934.936752,964.088144,-461.424581,True,284.758139,0.0,135
6f30bf27de0cc1cc5cec8d2f799f6984,Asia,Outbreak,Outbreak ~ scale(Year) + Outbreak_lag + CLIMATIC_lag_avg + CONFLICTS_lag_avg + (1 | Country),966,934.849161,934.936752,964.088144,-461.424581,True,284.758139,0.0,136
6f30bf27de0cc1cc5cec8d2f799f6984,Asia,Outbreak,Outbreak ~ scale(Year) + Outbreak_lag + CLIMATIC_lag_avg + CONFLICTS_lag_avg + (1 | Country),966,934.849161,934.936752,964.088144,-461.424581,True,284.758139,0.0,137
6f30bf27de0cc1cc5cec8d2f799f6984,Asia,Outbreak,Outbreak ~ scale(Year) + Outbreak_lag + CLIMATIC_lag_avg + CONFLICTS_lag_avg + (1 | Country),966,934.849161,934.936752,964.088144,-461.424581,True,284.758139,0.0,138
6f30bf27de0cc1cc5cec8d2f799f6984,Asia,Outbreak,Outbreak ~ scale(Year) + Outbreak_lag + CLIMATIC_lag_avg + CONFLICTS_lag_avg + (1 | Country),966,934.849161,934.936752,964.088144,-461.424581,True,284.758139,0.0,139
6f30bf27de0cc1cc5cec8d2f799f6984,Asia,Outbreak,Outbreak ~ scale(Year) + Outbreak_lag + CLIMATIC_lag_avg + CONFLICTS_lag_avg + (1 | Country),966,934.849161,934.936752,964.088144,-461.424581,True,284.758139,0.0,140
6f30bf27de0cc1cc5cec8d2f799f6984,Asia,Outbreak,Outbreak ~ scale(Year) + Outbreak_lag + CLIMATIC_lag_avg + CONFLICTS_lag_avg + (1 | Country),966,934.849161,934.936752,964.088144,-461.424581,True,284.758139,0.0,141
6f30bf27de0cc1cc5cec8d2f799f6984,Asia,Outbreak,Outbreak ~ scale(Year) + Outbreak_lag + CLIMATIC_lag_avg + CONFLICTS_lag_avg + (1 | Country),966,934.849161,934.936752,964.088144,-461.424581,True,284.758139,0.0,142
63290b01a1248de8e97a690733ec9d40,Asia,Outbreak,Outbreak ~ scale(Year) + Outbreak_lag + CLIMATIC_lag_avg + TECHNOLOGICAL_lag_avg + (1 | Country),966,935.682929,935.77052,964.921912,-461.841464,True,285.591907,0.0,143
2e263d79bdd678f216bd5d4a70fde269,Asia,Outbreak,Outbreak ~ scale(Year) + Outbreak_lag + CONFLICTS_lag_avg + TECHNOLOGICAL_lag_avg + (1 | Country),966,935.721234,935.808825,964.960217,-461.860617,True,285.630212,0.0,144
0d08645008aafe64085a3c6910a0002c,Asia,Outbreak,Outbreak ~ scale(Year) + Outbreak_lag + GEOPHYSICAL_lag_avg + TECHNOLOGICAL_lag_avg + (1 | Country),966,936.323343,936.410934,965.562326,-462.161671,True,286.232321,0.0,145
19f8931e9d216aa04161ab512c6668c8,Asia,Outbreak,Outbreak ~ scale(Year) + Outbreak_lag + CLIMATIC_lag_avg + GEOPHYSICAL_lag_avg + (1 | Country),966,936.405865,936.493457,965.644848,-462.202933,True,286.314844,0.0,146
19f8931e9d216aa04161ab512c6668c8,Asia,Outbreak,Outbreak ~ scale(Year) + Outbreak_lag + CLIMATIC_lag_avg + GEOPHYSICAL_lag_avg + (1 | Country),966,936.405865,936.493457,965.644848,-462.202933,True,286.314844,0.0,147
764cbe7feddfd8165f6a35be05c4f32a,Asia,Outbreak,Outbreak ~ scale(Year) + Outbreak_lag + CLIMATIC_lag_avg + (1 | Country),966,937.288088,937.350588,961.653907,-463.644044,True,287.171975,0.0,148
462bf8b23bde39557a2c3fd7b45fe3f5,Asia,Outbreak,Outbreak ~ scale(Year) + Outbreak_lag + TECHNOLOGICAL_lag_avg + (1 | Country),966,937.584947,937.647447,961.950767,-463.792474,True,287.468834,0.0,149
3c80a3e4a5f33fad739468c2f5010970,Asia,Outbreak,Outbreak ~ scale(Year) + Outbreak_lag + CLIMATIC_lag_avg + ECOLOGICAL_lag_avg + (1 | Country),966,938.947802,939.035393,968.186785,-463.473901,True,288.85678,0.0,150
3c80a3e4a5f33fad739468c2f5010970,Asia,Outbreak,Outbreak ~ scale(Year) + Outbreak_lag + CLIMATIC_lag_avg + ECOLOGICAL_lag_avg + (1 | Country),966,938.947802,939.035393,968.186785,-463.473901,True,288.85678,0.0,151
3c80a3e4a5f33fad739468c2f5010970,Asia,Outbreak,Outbreak ~ scale(Year) + Outbreak_lag + CLIMATIC_lag_avg + ECOLOGICAL_lag_avg + (1 | Country),966,938.947802,939.035393,968.186785,-463.473901,True,288.85678,0.0,152
3c80a3e4a5f33fad739468c2f5010970,Asia,Outbreak,Outbreak ~ scale(Year) + Outbreak_lag + CLIMATIC_lag_avg + ECOLOGICAL_lag_avg + (1 | Country),966,938.947802,939.035393,968.186785,-463.473901,True,288.85678,0.0,153
3c80a3e4a5f33fad739468c2f5010970,Asia,Outbreak,Outbreak ~ scale(Year) + Outbreak_lag + CLIMATIC_lag_avg + ECOLOGICAL_lag_avg + (1 | Country),966,938.947802,939.035393,968.186785,-463.473901,True,288.85678,0.0,154
3c80a3e4a5f33fad739468c2f5010970,Asia,Outbreak,Outbreak ~ scale(Year) + Outbreak_lag + CLIMATIC_lag_avg + ECOLOGICAL_lag_avg + (1 | Country),966,938.947802,939.035393,968.186785,-463.473901,True,288.85678,0.0,155
3c80a3e4a5f33fad739468c2f5010970,Asia,Outbreak,Outbreak ~ scale(Year) + Outbreak_lag + CLIMATIC_lag_avg + ECOLOGICAL_lag_avg + (1 | Country),966,938.947802,939.035393,968.186785,-463.473901,True,288.85678,0.0,156
3c80a3e4a5f33fad739468c2f5010970,Asia,Outbreak,Outbreak ~ scale(Year) + Outbreak_lag + CLIMATIC_lag_avg + ECOLOGICAL_lag_avg + (1 | Country),966,938.947802,939.035393,968.186785,-463.473901,True,288.85678,0.0,157
3df4af95a26a7b64e2ef4ba2156ad8c1,Asia,Outbreak,Outbreak ~ scale(Year) + Outbreak_lag + CLIMATIC_lag_avg + ECONOMIC_lag_avg + (1 | Country),966,939.069141,939.156732,968.308124,-463.53457,True,288.978119,0.0,158
3df4af95a26a7b64e2ef4ba2156ad8c1,Asia,Outbreak,Outbreak ~ scale(Year) + Outbreak_lag + CLIMATIC_lag_avg + ECONOMIC_lag_avg + (1 | Country),966,939.069141,939.156732,968.308124,-463.53457,True,288.978119,0.0,159
3df4af95a26a7b64e2ef4ba2156ad8c1,Asia,Outbreak,Outbreak ~ scale(Year) + Outbreak_lag + CLIMATIC_lag_avg + ECONOMIC_lag_avg + (1 | Country),966,939.069141,939.156732,968.308124,-463.53457,True,288.978119,0.0,160
3df4af95a26a7b64e2ef4ba2156ad8c1,Asia,Outbreak,Outbreak ~ scale(Year) + Outbreak_lag + CLIMATIC_lag_avg + ECONOMIC_lag_avg + (1 | Country),966,939.069141,939.156732,968.308124,-463.53457,True,288.978119,0.0,161
6616ec40b4418258f5356e1f0014f51a,Asia,Outbreak,Outbreak ~ scale(Year) + Outbreak_lag + ECONOMIC_lag_avg + TECHNOLOGICAL_lag_avg + (1 | Country),966,939.377332,939.464923,968.616315,-463.688666,True,289.28631,0.0,162
40c912915ed46d8cccd11992a6533c62,Asia,Outbreak,Outbreak ~ scale(Year) + Outbreak_lag + ECOLOGICAL_lag_avg + TECHNOLOGICAL_lag_avg + (1 | Country),966,939.549077,939.636669,968.78806,-463.774539,True,289.458055,0.0,163
7aac30724b5f20da26a67d1a03d813cd,Asia,Outbreak,Outbreak ~ scale(Year) + Outbreak_lag + CONFLICTS_lag_avg + GEOPHYSICAL_lag_avg + (1 | Country),966,943.30687,943.394461,972.545853,-465.653435,True,293.215848,0.0,164
7aac30724b5f20da26a67d1a03d813cd,Asia,Outbreak,Outbreak ~ scale(Year) + Outbreak_lag + CONFLICTS_lag_avg + GEOPHYSICAL_lag_avg + (1 | Country),966,943.30687,943.394461,972.545853,-465.653435,True,293.215848,0.0,165
beea3950d0ffc9a02b7dd4c95a15a68c,Asia,Outbreak,Outbreak ~ scale(Year) + Outbreak_lag + GEOPHYSICAL_lag_avg + (1 | Country),966,943.436363,943.498863,967.802182,-466.718182,True,293.32025,0.0,166
baf1222b422058f646838884ab23d78d,Asia,Outbreak,Outbreak ~ scale(Year) + Outbreak_lag + ECONOMIC_lag_avg + GEOPHYSICAL_lag_avg + (1 | Country),966,945.032134,945.119725,974.271117,-466.516067,True,294.941112,0.0,167
baf1222b422058f646838884ab23d78d,Asia,Outbreak,Outbreak ~ scale(Year) + Outbreak_lag + ECONOMIC_lag_avg + GEOPHYSICAL_lag_avg + (1 | Country),966,945.032134,945.119725,974.271117,-466.516067,True,294.941112,0.0,168
764b67369112c261f047571e356ba570,Asia,Outbreak,Outbreak ~ scale(Year) + Outbreak_lag + ECOLOGICAL_lag_avg + GEOPHYSICAL_lag_avg + (1 | Country),966,945.380675,945.468266,974.619658,-466.690338,True,295.289653,0.0,169
764b67369112c261f047571e356ba570,Asia,Outbreak,Outbreak ~ scale(Year) + Outbreak_lag + ECOLOGICAL_lag_avg + GEOPHYSICAL_lag_avg + (1 | Country),966,945.380675,945.468266,974.619658,-466.690338,True,295.289653,0.0,170
bc8b342a08322d7bf5af38eb0baafc4c,Asia,Outbreak,Outbreak ~ scale(Year) + Outbreak_lag + CONFLICTS_lag_avg + (1 | Country),966,956.876612,956.939112,981.242431,-473.438306,True,306.760499,0.0,171
b17bb9a0ddf512dbcdb9a4bfb9193458,Asia,Outbreak,Outbreak ~ scale(Year) + Outbreak_lag + CONFLICTS_lag_avg + ECONOMIC_lag_avg + (1 | Country),966,958.533065,958.620656,987.772048,-473.266533,True,308.442043,0.0,172
b17bb9a0ddf512dbcdb9a4bfb9193458,Asia,Outbreak,Outbreak ~ scale(Year) + Outbreak_lag + CONFLICTS_lag_avg + ECONOMIC_lag_avg + (1 | Country),966,958.533065,958.620656,987.772048,-473.266533,True,308.442043,0.0,173
b17bb9a0ddf512dbcdb9a4bfb9193458,Asia,Outbreak,Outbreak ~ scale(Year) + Outbreak_lag + CONFLICTS_lag_avg + ECONOMIC_lag_avg + (1 | Country),966,958.533065,958.620656,987.772048,-473.266533,True,308.442043,0.0,174
b17bb9a0ddf512dbcdb9a4bfb9193458,Asia,Outbreak,Outbreak ~ scale(Year) + Outbreak_lag + CONFLICTS_lag_avg + ECONOMIC_lag_avg + (1 | Country),966,958.533065,958.620656,987.772048,-473.266533,True,308.442043,0.0,175
e0b9a0fecf9500b84d1e9113dea3523c,Asia,Outbreak,Outbreak ~ scale(Year) + Outbreak_lag + CONFLICTS_lag_avg + ECOLOGICAL_lag_avg + (1 | Country),966,958.758288,958.845879,987.997271,-473.379144,True,308.667266,0.0,176
e0b9a0fecf9500b84d1e9113dea3523c,Asia,Outbreak,Outbreak ~ scale(Year) + Outbreak_lag + CONFLICTS_lag_avg + ECOLOGICAL_lag_avg + (1 | Country),966,958.758288,958.845879,987.997271,-473.379144,True,308.667266,0.0,177
e0b9a0fecf9500b84d1e9113dea3523c,Asia,Outbreak,Outbreak ~ scale(Year) + Outbreak_lag + CONFLICTS_lag_avg + ECOLOGICAL_lag_avg + (1 | Country),966,958.758288,958.845879,987.997271,-473.379144,True,308.667266,0.0,178
e0b9a0fecf9500b84d1e9113dea3523c,Asia,Outbreak,Outbreak ~ scale(Year) + Outbreak_lag + CONFLICTS_lag_avg + ECOLOGICAL_lag_avg + (1 | Country),966,958.758288,958.845879,987.997271,-473.379144,True,308.667266,0.0,179
e0b9a0fecf9500b84d1e9113dea3523c,Asia,Outbreak,Outbreak ~ scale(Year) + Outbreak_lag + CONFLICTS_lag_avg + ECOLOGICAL_lag_avg + (1 | Country),966,958.758288,958.845879,987.997271,-473.379144,True,308.667266,0.0,180
e0b9a0fecf9500b84d1e9113dea3523c,Asia,Outbreak,Outbreak ~ scale(Year) + Outbreak_lag + CONFLICTS_lag_avg + ECOLOGICAL_lag_avg + (1 | Country),966,958.758288,958.845879,987.997271,-473.379144,True,308.667266,0.0,181
e0b9a0fecf9500b84d1e9113dea3523c,Asia,Outbreak,Outbreak ~ scale(Year) + Outbreak_lag + CONFLICTS_lag_avg + ECOLOGICAL_lag_avg + (1 | Country),966,958.758288,958.845879,987.997271,-473.379144,True,308.667266,0.0,182
e0b9a0fecf9500b84d1e9113dea3523c,Asia,Outbreak,Outbreak ~ scale(Year) + Outbreak_lag + CONFLICTS_lag_avg + ECOLOGICAL_lag_avg + (1 | Country),966,958.758288,958.845879,987.997271,-473.379144,True,308.667266,0.0,183
701f500702ab07256da3e59d2efd443a,Asia,Outbreak,Outbreak ~ scale(Year) + Outbreak_lag + ECONOMIC_lag_avg + (1 | Country),966,959.273294,959.335794,983.639114,-474.636647,True,309.157181,0.0,184
2cec94f5fcf3510cff04d4b6ca513ec7,Asia,Outbreak,Outbreak ~ scale(Year) + Outbreak_lag + ECOLOGICAL_lag_avg + (1 | Country),966,959.648594,959.711094,984.014413,-474.824297,True,309.532481,0.0,185
bc87aad81c1830764de4b36389b8bb84,Asia,Outbreak,Outbreak ~ scale(Year) + Outbreak_lag + ECOLOGICAL_lag_avg + ECONOMIC_lag_avg + (1 | Country),966,961.093726,961.181317,990.332709,-474.546863,True,311.002704,0.0,186
bc87aad81c1830764de4b36389b8bb84,Asia,Outbreak,Outbreak ~ scale(Year) + Outbreak_lag + ECOLOGICAL_lag_avg + ECONOMIC_lag_avg + (1 | Country),966,961.093726,961.181317,990.332709,-474.546863,True,311.002704,0.0,187
bc87aad81c1830764de4b36389b8bb84,Asia,Outbreak,Outbreak ~ scale(Year) + Outbreak_lag + ECOLOGICAL_lag_avg + ECONOMIC_lag_avg + (1 | Country),966,961.093726,961.181317,990.332709,-474.546863,True,311.002704,0.0,188
bc87aad81c1830764de4b36389b8bb84,Asia,Outbreak,Outbreak ~ scale(Year) + Outbreak_lag + ECOLOGICAL_lag_avg + ECONOMIC_lag_avg + (1 | Country),966,961.093726,961.181317,990.332709,-474.546863,True,311.002704,0.0,189
575c97858cb7dbc1d0d9fcb9c2d8da7a,Africa,Outbreak,Outbreak ~ scale(Year) + Outbreak_lag + ECONOMIC_lag_avg + TECHNOLOGICAL_lag_avg + (1 | Country),1088,1332.03933,1332.117036,1361.991908,-660.019665,True,681.938422,0.0,190
f8c1980fa2fe6e622527dabd8b19c3da,Africa,Outbreak,Outbreak ~ scale(Year) + Outbreak_lag + TECHNOLOGICAL_lag_avg + (1 | Country),1088,1334.546849,1334.602302,1359.507331,-662.273425,True,684.423689,0.0,191
d46906010fffd5b4085133dba40767f6,Africa,Outbreak,Outbreak ~ scale(Year) + Outbreak_lag + ECOLOGICAL_lag_avg + TECHNOLOGICAL_lag_avg + (1 | Country),1088,1335.357765,1335.435471,1365.310343,-661.678882,True,685.256857,0.0,192
12e0ff8be83608b810a44ca0608afe43,Africa,Outbreak,Outbreak ~ scale(Year) + Outbreak_lag + GEOPHYSICAL_lag_avg + TECHNOLOGICAL_lag_avg + (1 | Country),1088,1336.043296,1336.121002,1365.995875,-662.021648,True,685.942389,0.0,193
8e66e1895fce7199e25344fb8d9ac336,Africa,Outbreak,Outbreak ~ scale(Year) + Outbreak_lag + CONFLICTS_lag_avg + TECHNOLOGICAL_lag_avg + (1 | Country),1088,1336.189068,1336.266774,1366.141647,-662.094534,True,686.088161,0.0,194
64f79f699fd92bf812583262a2020f59,Africa,Outbreak,Outbreak ~ scale(Year) + Outbreak_lag + CLIMATIC_lag_avg + TECHNOLOGICAL_lag_avg + (1 | Country),1088,1336.408787,1336.486493,1366.361365,-662.204393,True,686.30788,0.0,195
1ba89ee38262194f854787fdb7257cb1,Africa,Outbreak,Outbreak ~ scale(Year) + Outbreak_lag + CLIMATIC_lag_avg + ECONOMIC_lag_avg + (1 | Country),1088,1338.275157,1338.352862,1368.227735,-663.137578,True,688.174249,0.0,196
1ba89ee38262194f854787fdb7257cb1,Africa,Outbreak,Outbreak ~ scale(Year) + Outbreak_lag + CLIMATIC_lag_avg + ECONOMIC_lag_avg + (1 | Country),1088,1338.275157,1338.352862,1368.227735,-663.137578,True,688.174249,0.0,197
1ba89ee38262194f854787fdb7257cb1,Africa,Outbreak,Outbreak ~ scale(Year) + Outbreak_lag + CLIMATIC_lag_avg + ECONOMIC_lag_avg + (1 | Country),1088,1338.275157,1338.352862,1368.227735,-663.137578,True,688.174249,0.0,198
1ba89ee38262194f854787fdb7257cb1,Africa,Outbreak,Outbreak ~ scale(Year) + Outbreak_lag + CLIMATIC_lag_avg + ECONOMIC_lag_avg + (1 | Country),1088,1338.275157,1338.352862,1368.227735,-663.137578,True,688.174249,0.0,199
d4c4f36a52dbb15714e4d644046815c5,Africa,Outbreak,Outbreak ~ scale(Year) + Outbreak_lag + ECONOMIC_lag_avg + (1 | Country),1088,1338.826462,1338.881915,1363.786945,-664.413231,True,688.703302,0.0,200
ea330bc0d1aaee01e8f09341fe58d656,Africa,Outbreak,Outbreak ~ scale(Year) + Outbreak_lag + ECOLOGICAL_lag_avg + ECONOMIC_lag_avg + (1 | Country),1088,1339.481875,1339.559581,1369.434453,-663.740937,True,689.380967,0.0,201
ea330bc0d1aaee01e8f09341fe58d656,Africa,Outbreak,Outbreak ~ scale(Year) + Outbreak_lag + ECOLOGICAL_lag_avg + ECONOMIC_lag_avg + (1 | Country),1088,1339.481875,1339.559581,1369.434453,-663.740937,True,689.380967,0.0,202
ea330bc0d1aaee01e8f09341fe58d656,Africa,Outbreak,Outbreak ~ scale(Year) + Outbreak_lag + ECOLOGICAL_lag_avg + ECONOMIC_lag_avg + (1 | Country),1088,1339.481875,1339.559581,1369.434453,-663.740937,True,689.380967,0.0,203
ea330bc0d1aaee01e8f09341fe58d656,Africa,Outbreak,Outbreak ~ scale(Year) + Outbreak_lag + ECOLOGICAL_lag_avg + ECONOMIC_lag_avg + (1 | Country),1088,1339.481875,1339.559581,1369.434453,-663.740937,True,689.380967,0.0,204
e31418eeaee2cfe5886df47aa353e4dc,Africa,Outbreak,Outbreak ~ scale(Year) + Outbreak_lag + ECOLOGICAL_lag_avg + (1 | Country),1088,1339.921797,1339.97725,1364.88228,-664.960899,True,689.798637,0.0,205
560f6797c449ff09dab06ea267b129bf,Africa,Outbreak,Outbreak ~ scale(Year) + Outbreak_lag + CLIMATIC_lag_avg + (1 | Country),1088,1339.929773,1339.985226,1364.890255,-664.964887,True,689.806613,0.0,206
ed8d18a272302b3d630923772ea979df,Africa,Outbreak,Outbreak ~ scale(Year) + Outbreak_lag + CLIMATIC_lag_avg + ECOLOGICAL_lag_avg + (1 | Country),1088,1340.277395,1340.3551,1370.229973,-664.138697,True,690.176487,0.0,207
ed8d18a272302b3d630923772ea979df,Africa,Outbreak,Outbreak ~ scale(Year) + Outbreak_lag + CLIMATIC_lag_avg + ECOLOGICAL_lag_avg + (1 | Country),1088,1340.277395,1340.3551,1370.229973,-664.138697,True,690.176487,0.0,208
ed8d18a272302b3d630923772ea979df,Africa,Outbreak,Outbreak ~ scale(Year) + Outbreak_lag + CLIMATIC_lag_avg + ECOLOGICAL_lag_avg + (1 | Country),1088,1340.277395,1340.3551,1370.229973,-664.138697,True,690.176487,0.0,209
ed8d18a272302b3d630923772ea979df,Africa,Outbreak,Outbreak ~ scale(Year) + Outbreak_lag + CLIMATIC_lag_avg + ECOLOGICAL_lag_avg + (1 | Country),1088,1340.277395,1340.3551,1370.229973,-664.138697,True,690.176487,0.0,210
ed8d18a272302b3d630923772ea979df,Africa,Outbreak,Outbreak ~ scale(Year) + Outbreak_lag + CLIMATIC_lag_avg + ECOLOGICAL_lag_avg + (1 | Country),1088,1340.277395,1340.3551,1370.229973,-664.138697,True,690.176487,0.0,211
ed8d18a272302b3d630923772ea979df,Africa,Outbreak,Outbreak ~ scale(Year) + Outbreak_lag + CLIMATIC_lag_avg + ECOLOGICAL_lag_avg + (1 | Country),1088,1340.277395,1340.3551,1370.229973,-664.138697,True,690.176487,0.0,212
ed8d18a272302b3d630923772ea979df,Africa,Outbreak,Outbreak ~ scale(Year) + Outbreak_lag + CLIMATIC_lag_avg + ECOLOGICAL_lag_avg + (1 | Country),1088,1340.277395,1340.3551,1370.229973,-664.138697,True,690.176487,0.0,213
ed8d18a272302b3d630923772ea979df,Africa,Outbreak,Outbreak ~ scale(Year) + Outbreak_lag + CLIMATIC_lag_avg + ECOLOGICAL_lag_avg + (1 | Country),1088,1340.277395,1340.3551,1370.229973,-664.138697,True,690.176487,0.0,214
56370150ed1a5cf6d7873ede79979232,Africa,Outbreak,Outbreak ~ scale(Year) + Outbreak_lag + CONFLICTS_lag_avg + ECONOMIC_lag_avg + (1 | Country),1088,1340.659853,1340.737559,1370.612431,-664.329926,True,690.558945,0.0,215
56370150ed1a5cf6d7873ede79979232,Africa,Outbreak,Outbreak ~ scale(Year) + Outbreak_lag + CONFLICTS_lag_avg + ECONOMIC_lag_avg + (1 | Country),1088,1340.659853,1340.737559,1370.612431,-664.329926,True,690.558945,0.0,216
56370150ed1a5cf6d7873ede79979232,Africa,Outbreak,Outbreak ~ scale(Year) + Outbreak_lag + CONFLICTS_lag_avg + ECONOMIC_lag_avg + (1 | Country),1088,1340.659853,1340.737559,1370.612431,-664.329926,True,690.558945,0.0,217
56370150ed1a5cf6d7873ede79979232,Africa,Outbreak,Outbreak ~ scale(Year) + Outbreak_lag + CONFLICTS_lag_avg + ECONOMIC_lag_avg + (1 | Country),1088,1340.659853,1340.737559,1370.612431,-664.329926,True,690.558945,0.0,218
2e6c7b612cdf62f2fce9c8ea02ed7afc,Africa,Outbreak,Outbreak ~ scale(Year) + Outbreak_lag + ECONOMIC_lag_avg + GEOPHYSICAL_lag_avg + (1 | Country),1088,1340.717245,1340.794951,1370.669824,-664.358623,True,690.616338,0.0,219
2e6c7b612cdf62f2fce9c8ea02ed7afc,Africa,Outbreak,Outbreak ~ scale(Year) + Outbreak_lag + ECONOMIC_lag_avg + GEOPHYSICAL_lag_avg + (1 | Country),1088,1340.717245,1340.794951,1370.669824,-664.358623,True,690.616338,0.0,220
bf9b47699b153c4c96e95d6ab6ef68b7,Africa,Outbreak,Outbreak ~ scale(Year) + Outbreak_lag + CONFLICTS_lag_avg + (1 | Country),1088,1341.18389,1341.239343,1366.144372,-665.591945,True,691.06073,0.0,221
f7a930184d862302770ba779de073d48,Africa,Outbreak,Outbreak ~ scale(Year) + Outbreak_lag + GEOPHYSICAL_lag_avg + (1 | Country),1088,1341.221297,1341.27675,1366.181779,-665.610649,True,691.098137,0.0,222
8dede685b85bd3e50428b0b0d35a0b2b,Africa,Outbreak,Outbreak ~ scale(Year) + Outbreak_lag + CLIMATIC_lag_avg + CONFLICTS_lag_avg + (1 | Country),1088,1341.496631,1341.574337,1371.44921,-664.748316,True,691.395724,0.0,223
8dede685b85bd3e50428b0b0d35a0b2b,Africa,Outbreak,Outbreak ~ scale(Year) + Outbreak_lag + CLIMATIC_lag_avg + CONFLICTS_lag_avg + (1 | Country),1088,1341.496631,1341.574337,1371.44921,-664.748316,True,691.395724,0.0,224
8dede685b85bd3e50428b0b0d35a0b2b,Africa,Outbreak,Outbreak ~ scale(Year) + Outbreak_lag + CLIMATIC_lag_avg + CONFLICTS_lag_avg + (1 | Country),1088,1341.496631,1341.574337,1371.44921,-664.748316,True,691.395724,0.0,225
8dede685b85bd3e50428b0b0d35a0b2b,Africa,Outbreak,Outbreak ~ scale(Year) + Outbreak_lag + CLIMATIC_lag_avg + CONFLICTS_lag_avg + (1 | Country),1088,1341.496631,1341.574337,1371.44921,-664.748316,True,691.395724,0.0,226
8dede685b85bd3e50428b0b0d35a0b2b,Africa,Outbreak,Outbreak ~ scale(Year) + Outbreak_lag + CLIMATIC_lag_avg + CONFLICTS_lag_avg + (1 | Country),1088,1341.496631,1341.574337,1371.44921,-664.748316,True,691.395724,0.0,227
8dede685b85bd3e50428b0b0d35a0b2b,Africa,Outbreak,Outbreak ~ scale(Year) + Outbreak_lag + CLIMATIC_lag_avg + CONFLICTS_lag_avg + (1 | Country),1088,1341.496631,1341.574337,1371.44921,-664.748316,True,691.395724,0.0,228
8dede685b85bd3e50428b0b0d35a0b2b,Africa,Outbreak,Outbreak ~ scale(Year) + Outbreak_lag + CLIMATIC_lag_avg + CONFLICTS_lag_avg + (1 | Country),1088,1341.496631,1341.574337,1371.44921,-664.748316,True,691.395724,0.0,229
8dede685b85bd3e50428b0b0d35a0b2b,Africa,Outbreak,Outbreak ~ scale(Year) + Outbreak_lag + CLIMATIC_lag_avg + CONFLICTS_lag_avg + (1 | Country),1088,1341.496631,1341.574337,1371.44921,-664.748316,True,691.395724,0.0,230
8dede685b85bd3e50428b0b0d35a0b2b,Africa,Outbreak,Outbreak ~ scale(Year) + Outbreak_lag + CLIMATIC_lag_avg + CONFLICTS_lag_avg + (1 | Country),1088,1341.496631,1341.574337,1371.44921,-664.748316,True,691.395724,0.0,231
8dede685b85bd3e50428b0b0d35a0b2b,Africa,Outbreak,Outbreak ~ scale(Year) + Outbreak_lag + CLIMATIC_lag_avg + CONFLICTS_lag_avg + (1 | Country),1088,1341.496631,1341.574337,1371.44921,-664.748316,True,691.395724,0.0,232
8dede685b85bd3e50428b0b0d35a0b2b,Africa,Outbreak,Outbreak ~ scale(Year) + Outbreak_lag + CLIMATIC_lag_avg + CONFLICTS_lag_avg + (1 | Country),1088,1341.496631,1341.574337,1371.44921,-664.748316,True,691.395724,0.0,233
8dede685b85bd3e50428b0b0d35a0b2b,Africa,Outbreak,Outbreak ~ scale(Year) + Outbreak_lag + CLIMATIC_lag_avg + CONFLICTS_lag_avg + (1 | Country),1088,1341.496631,1341.574337,1371.44921,-664.748316,True,691.395724,0.0,234
8dede685b85bd3e50428b0b0d35a0b2b,Africa,Outbreak,Outbreak ~ scale(Year) + Outbreak_lag + CLIMATIC_lag_avg + CONFLICTS_lag_avg + (1 | Country),1088,1341.496631,1341.574337,1371.44921,-664.748316,True,691.395724,0.0,235
8dede685b85bd3e50428b0b0d35a0b2b,Africa,Outbreak,Outbreak ~ scale(Year) + Outbreak_lag + CLIMATIC_lag_avg + CONFLICTS_lag_avg + (1 | Country),1088,1341.496631,1341.574337,1371.44921,-664.748316,True,691.395724,0.0,236
8dede685b85bd3e50428b0b0d35a0b2b,Africa,Outbreak,Outbreak ~ scale(Year) + Outbreak_lag + CLIMATIC_lag_avg + CONFLICTS_lag_avg + (1 | Country),1088,1341.496631,1341.574337,1371.44921,-664.748316,True,691.395724,0.0,237
8dede685b85bd3e50428b0b0d35a0b2b,Africa,Outbreak,Outbreak ~ scale(Year) + Outbreak_lag + CLIMATIC_lag_avg + CONFLICTS_lag_avg + (1 | Country),1088,1341.496631,1341.574337,1371.44921,-664.748316,True,691.395724,0.0,238
e6c62c30f57c7e55995fb8168b07d499,Africa,Outbreak,Outbreak ~ scale(Year) + Outbreak_lag + CLIMATIC_lag_avg + GEOPHYSICAL_lag_avg + (1 | Country),1088,1341.551698,1341.629404,1371.504276,-664.775849,True,691.45079,0.0,239
e6c62c30f57c7e55995fb8168b07d499,Africa,Outbreak,Outbreak ~ scale(Year) + Outbreak_lag + CLIMATIC_lag_avg + GEOPHYSICAL_lag_avg + (1 | Country),1088,1341.551698,1341.629404,1371.504276,-664.775849,True,691.45079,0.0,240
d4ec5ed4031fbf9c312f24cb61f5a68b,Africa,Outbreak,Outbreak ~ scale(Year) + Outbreak_lag + CONFLICTS_lag_avg + ECOLOGICAL_lag_avg + (1 | Country),1088,1341.618217,1341.695923,1371.570796,-664.809109,True,691.51731,0.0,241
d4ec5ed4031fbf9c312f24cb61f5a68b,Africa,Outbreak,Outbreak ~ scale(Year) + Outbreak_lag + CONFLICTS_lag_avg + ECOLOGICAL_lag_avg + (1 | Country),1088,1341.618217,1341.695923,1371.570796,-664.809109,True,691.51731,0.0,242
d4ec5ed4031fbf9c312f24cb61f5a68b,Africa,Outbreak,Outbreak ~ scale(Year) + Outbreak_lag + CONFLICTS_lag_avg + ECOLOGICAL_lag_avg + (1 | Country),1088,1341.618217,1341.695923,1371.570796,-664.809109,True,691.51731,0.0,243
d4ec5ed4031fbf9c312f24cb61f5a68b,Africa,Outbreak,Outbreak ~ scale(Year) + Outbreak_lag + CONFLICTS_lag_avg + ECOLOGICAL_lag_avg + (1 | Country),1088,1341.618217,1341.695923,1371.570796,-664.809109,True,691.51731,0.0,244
d4ec5ed4031fbf9c312f24cb61f5a68b,Africa,Outbreak,Outbreak ~ scale(Year) + Outbreak_lag + CONFLICTS_lag_avg + ECOLOGICAL_lag_avg + (1 | Country),1088,1341.618217,1341.695923,1371.570796,-664.809109,True,691.51731,0.0,245
d4ec5ed4031fbf9c312f24cb61f5a68b,Africa,Outbreak,Outbreak ~ scale(Year) + Outbreak_lag + CONFLICTS_lag_avg + ECOLOGICAL_lag_avg + (1 | Country),1088,1341.618217,1341.695923,1371.570796,-664.809109,True,691.51731,0.0,246
d4ec5ed4031fbf9c312f24cb61f5a68b,Africa,Outbreak,Outbreak ~ scale(Year) + Outbreak_lag + CONFLICTS_lag_avg + ECOLOGICAL_lag_avg + (1 | Country),1088,1341.618217,1341.695923,1371.570796,-664.809109,True,691.51731,0.0,247
d4ec5ed4031fbf9c312f24cb61f5a68b,Africa,Outbreak,Outbreak ~ scale(Year) + Outbreak_lag + CONFLICTS_lag_avg + ECOLOGICAL_lag_avg + (1 | Country),1088,1341.618217,1341.695923,1371.570796,-664.809109,True,691.51731,0.0,248
d5802df4b1e28e7b13760f5404c43ba9,Africa,Outbreak,Outbreak ~ scale(Year) + Outbreak_lag + ECOLOGICAL_lag_avg + GEOPHYSICAL_lag_avg + (1 | Country),1088,1341.651323,1341.729029,1371.603901,-664.825661,True,691.550416,0.0,249
d5802df4b1e28e7b13760f5404c43ba9,Africa,Outbreak,Outbreak ~ scale(Year) + Outbreak_lag + ECOLOGICAL_lag_avg + GEOPHYSICAL_lag_avg + (1 | Country),1088,1341.651323,1341.729029,1371.603901,-664.825661,True,691.550416,0.0,250
3535031bbedf71fbb27d00e979a68ab4,Africa,Outbreak,Outbreak ~ scale(Year) + Outbreak_lag + CONFLICTS_lag_avg + GEOPHYSICAL_lag_avg + (1 | Country),1088,1342.989166,1343.066872,1372.941745,-665.494583,True,692.888259,0.0,251
3535031bbedf71fbb27d00e979a68ab4,Africa,Outbreak,Outbreak ~ scale(Year) + Outbreak_lag + CONFLICTS_lag_avg + GEOPHYSICAL_lag_avg + (1 | Country),1088,1342.989166,1343.066872,1372.941745,-665.494583,True,692.888259,0.0,252
292a265bd3ea3a266c722ef5ab6eab2d,Global,Outbreak,Outbreak ~ scale(Year) + Outbreak_lag + CLIMATIC_lag_avg + ECONOMIC_lag_avg + TECHNOLOGICAL_lag_avg + (1 | Continent) + (1 | Country),3600,3748.325523,3748.365623,3797.835036,-1866.162761,True,3098.18701,0.0,253
d3e195d088d33a7cc8c58c967eb487e7,Global,Outbreak,Outbreak ~ scale(Year) + Outbreak_lag + CLIMATIC_lag_avg + TECHNOLOGICAL_lag_avg + (1 | Continent) + (1 | Country),3600,3752.504881,3752.536061,3795.825705,-1869.25244,True,3102.357448,0.0,254
dd074b33e09c384314fcc57ee157b827,Global,Outbreak,Outbreak ~ scale(Year) + Outbreak_lag + CLIMATIC_lag_avg + CONFLICTS_lag_avg + TECHNOLOGICAL_lag_avg + (1 | Continent) + (1 | Country),3600,3753.965649,3754.005749,3803.475162,-1868.982824,True,3103.827136,0.0,255
b9ad8329a8ba4c0c9595f97ed77a6b9a,Global,Outbreak,Outbreak ~ scale(Year) + Outbreak_lag + CLIMATIC_lag_avg + ECOLOGICAL_lag_avg + TECHNOLOGICAL_lag_avg + (1 | Continent) + (1 | Country),3600,3754.178309,3754.218409,3803.687822,-1869.089155,True,3104.039796,0.0,256
0feb3316baf248214ca633ea54152210,Global,Outbreak,Outbreak ~ scale(Year) + Outbreak_lag + CLIMATIC_lag_avg + GEOPHYSICAL_lag_avg + TECHNOLOGICAL_lag_avg + (1 | Continent) + (1 | Country),3600,3754.179314,3754.219414,3803.688827,-1869.089657,True,3104.040801,0.0,257
2bd8f761ad989c1a381de7cf493a886d,Global,Outbreak,Outbreak ~ scale(Year) + Outbreak_lag + ECONOMIC_lag_avg + TECHNOLOGICAL_lag_avg + (1 | Continent) + (1 | Country),3600,3757.138645,3757.169825,3800.459469,-1871.569323,True,3106.991212,0.0,258
6257eaeba55f246531f2105f8541f1b7,Global,Outbreak,Outbreak ~ scale(Year) + Outbreak_lag + ECONOMIC_lag_avg + GEOPHYSICAL_lag_avg + TECHNOLOGICAL_lag_avg + (1 | Continent) + (1 | Country),3600,3757.82009,3757.86019,3807.329603,-1870.910045,True,3107.681577,0.0,259
c443cf3506a746125193f833381cd642,Global,Outbreak,Outbreak ~ scale(Year) + Outbreak_lag + CONFLICTS_lag_avg + ECONOMIC_lag_avg + TECHNOLOGICAL_lag_avg + (1 | Continent) + (1 | Country),3600,3758.721049,3758.761149,3808.230562,-1871.360524,True,3108.582536,0.0,260
816d83a02838bc7493c560b72de0f4f2,Global,Outbreak,Outbreak ~ scale(Year) + Outbreak_lag + ECOLOGICAL_lag_avg + ECONOMIC_lag_avg + TECHNOLOGICAL_lag_avg + (1 | Continent) + (1 | Country),3600,3759.067373,3759.107474,3808.576886,-1871.533687,True,3108.928861,0.0,261
8601dc663afd5d2d2d25ec8f43f39c65,Global,Outbreak,Outbreak ~ scale(Year) + Outbreak_lag + CLIMATIC_lag_avg + ECONOMIC_lag_avg + GEOPHYSICAL_lag_avg + (1 | Continent) + (1 | Country),3600,3759.694226,3759.734326,3809.203739,-1871.847113,True,3109.555713,0.0,262
8601dc663afd5d2d2d25ec8f43f39c65,Global,Outbreak,Outbreak ~ scale(Year) + Outbreak_lag + CLIMATIC_lag_avg + ECONOMIC_lag_avg + GEOPHYSICAL_lag_avg + (1 | Continent) + (1 | Country),3600,3759.694226,3759.734326,3809.203739,-1871.847113,True,3109.555713,0.0,263
4770ef66f87316ddedeffc5bb4a48667,Global,Outbreak,Outbreak ~ scale(Year) + Outbreak_lag + CLIMATIC_lag_avg + ECONOMIC_lag_avg + (1 | Continent) + (1 | Country),3600,3759.909809,3759.940989,3803.230633,-1872.954904,True,3109.762376,0.0,264
e25bc2cf1f59a3a86d7772ddbaa19dbe,Global,Outbreak,Outbreak ~ scale(Year) + Outbreak_lag + TECHNOLOGICAL_lag_avg + (1 | Continent) + (1 | Country),3600,3759.933291,3759.95667,3797.065426,-1873.966646,True,3109.778057,0.0,265
8de9fabb433c6ef3fcadd64f1d771464,Global,Outbreak,Outbreak ~ scale(Year) + Outbreak_lag + GEOPHYSICAL_lag_avg + TECHNOLOGICAL_lag_avg + (1 | Continent) + (1 | Country),3600,3760.564509,3760.595689,3803.885332,-1873.282254,True,3110.417076,0.0,266
4d111f451b24eb010fccf0e5afc88f82,Global,Outbreak,Outbreak ~ scale(Year) + Outbreak_lag + CLIMATIC_lag_avg + ECOLOGICAL_lag_avg + ECONOMIC_lag_avg + (1 | Continent) + (1 | Country),3600,3761.482932,3761.523032,3810.992445,-1872.741466,True,3111.344419,0.0,267
4d111f451b24eb010fccf0e5afc88f82,Global,Outbreak,Outbreak ~ scale(Year) + Outbreak_lag + CLIMATIC_lag_avg + ECOLOGICAL_lag_avg + ECONOMIC_lag_avg + (1 | Continent) + (1 | Country),3600,3761.482932,3761.523032,3810.992445,-1872.741466,True,3111.344419,0.0,268
4d111f451b24eb010fccf0e5afc88f82,Global,Outbreak,Outbreak ~ scale(Year) + Outbreak_lag + CLIMATIC_lag_avg + ECOLOGICAL_lag_avg + ECONOMIC_lag_avg + (1 | Continent) + (1 | Country),3600,3761.482932,3761.523032,3810.992445,-1872.741466,True,3111.344419,0.0,269
4d111f451b24eb010fccf0e5afc88f82,Global,Outbreak,Outbreak ~ scale(Year) + Outbreak_lag + CLIMATIC_lag_avg + ECOLOGICAL_lag_avg + ECONOMIC_lag_avg + (1 | Continent) + (1 | Country),3600,3761.482932,3761.523032,3810.992445,-1872.741466,True,3111.344419,0.0,270
19e811a803222261420421f5b5d2e9c3,Global,Outbreak,Outbreak ~ scale(Year) + Outbreak_lag + CLIMATIC_lag_avg + CONFLICTS_lag_avg + ECONOMIC_lag_avg + (1 | Continent) + (1 | Country),3600,3761.52462,3761.56472,3811.034133,-1872.76231,True,3111.386107,0.0,271
19e811a803222261420421f5b5d2e9c3,Global,Outbreak,Outbreak ~ scale(Year) + Outbreak_lag + CLIMATIC_lag_avg + CONFLICTS_lag_avg + ECONOMIC_lag_avg + (1 | Continent) + (1 | Country),3600,3761.52462,3761.56472,3811.034133,-1872.76231,True,3111.386107,0.0,272
19e811a803222261420421f5b5d2e9c3,Global,Outbreak,Outbreak ~ scale(Year) + Outbreak_lag + CLIMATIC_lag_avg + CONFLICTS_lag_avg + ECONOMIC_lag_avg + (1 | Continent) + (1 | Country),3600,3761.52462,3761.56472,3811.034133,-1872.76231,True,3111.386107,0.0,273
19e811a803222261420421f5b5d2e9c3,Global,Outbreak,Outbreak ~ scale(Year) + Outbreak_lag + CLIMATIC_lag_avg + CONFLICTS_lag_avg + ECONOMIC_lag_avg + (1 | Continent) + (1 | Country),3600,3761.52462,3761.56472,3811.034133,-1872.76231,True,3111.386107,0.0,274
ced52ba6d6ef52e531f1857e2116b0e7,Global,Outbreak,Outbreak ~ scale(Year) + Outbreak_lag + CONFLICTS_lag_avg + TECHNOLOGICAL_lag_avg + (1 | Continent) + (1 | Country),3600,3761.669512,3761.700692,3804.990336,-1873.834756,True,3111.522079,0.0,275
02834fd2153fba77c128c10ca8f586f4,Global,Outbreak,Outbreak ~ scale(Year) + Outbreak_lag + ECOLOGICAL_lag_avg + TECHNOLOGICAL_lag_avg + (1 | Continent) + (1 | Country),3600,3761.766625,3761.797805,3805.087449,-1873.883312,True,3111.619192,0.0,276
2bfef4b3e554154a9b2fc5ae64cd343f,Global,Outbreak,Outbreak ~ scale(Year) + Outbreak_lag + CONFLICTS_lag_avg + GEOPHYSICAL_lag_avg + TECHNOLOGICAL_lag_avg + (1 | Continent) + (1 | Country),3600,3762.32477,3762.36487,3811.834283,-1873.162385,True,3112.186257,0.0,277
6707583469e813164af7db4741588749,Global,Outbreak,Outbreak ~ scale(Year) + Outbreak_lag + ECOLOGICAL_lag_avg + GEOPHYSICAL_lag_avg + TECHNOLOGICAL_lag_avg + (1 | Continent) + (1 | Country),3600,3762.411194,3762.451294,3811.920707,-1873.205597,True,3112.272681,0.0,278
3a78a8bbcae20b2e2681509b27c0f0d5,Global,Outbreak,Outbreak ~ scale(Year) + Outbreak_lag + CLIMATIC_lag_avg + GEOPHYSICAL_lag_avg + (1 | Continent) + (1 | Country),3600,3763.107603,3763.138783,3806.428426,-1874.553801,True,3112.96017,0.0,279
0422b8490d7932fcf8d07525fce6a41b,Global,Outbreak,Outbreak ~ scale(Year) + Outbreak_lag + CLIMATIC_lag_avg + (1 | Continent) + (1 | Country),3600,3763.449599,3763.472978,3800.581734,-1875.7248,True,3113.294365,0.0,280
8ba7bfb5e7bc18d0b8653b538cd8e222,Global,Outbreak,Outbreak ~ scale(Year) + Outbreak_lag + CONFLICTS_lag_avg + ECOLOGICAL_lag_avg + TECHNOLOGICAL_lag_avg + (1 | Continent) + (1 | Country),3600,3763.492448,3763.532548,3813.001961,-1873.746224,True,3113.353935,0.0,281
ef06a8b195158e218e9bcc7836f28d94,Global,Outbreak,Outbreak ~ scale(Year) + Outbreak_lag + CLIMATIC_lag_avg + ECOLOGICAL_lag_avg + GEOPHYSICAL_lag_avg + (1 | Continent) + (1 | Country),3600,3764.587645,3764.627746,3814.097158,-1874.293823,True,3114.449133,0.0,282
ef06a8b195158e218e9bcc7836f28d94,Global,Outbreak,Outbreak ~ scale(Year) + Outbreak_lag + CLIMATIC_lag_avg + ECOLOGICAL_lag_avg + GEOPHYSICAL_lag_avg + (1 | Continent) + (1 | Country),3600,3764.587645,3764.627746,3814.097158,-1874.293823,True,3114.449133,0.0,283
e7c1b315af7f842f554e1b858e098069,Global,Outbreak,Outbreak ~ scale(Year) + Outbreak_lag + CLIMATIC_lag_avg + ECOLOGICAL_lag_avg + (1 | Continent) + (1 | Country),3600,3764.838961,3764.870141,3808.159785,-1875.41948,True,3114.691528,0.0,284
ca93133edd22e6edcb13516719bcc848,Global,Outbreak,Outbreak ~ scale(Year) + Outbreak_lag + CLIMATIC_lag_avg + CONFLICTS_lag_avg + GEOPHYSICAL_lag_avg + (1 | Continent) + (1 | Country),3600,3764.884804,3764.924904,3814.394317,-1874.442402,True,3114.746291,0.0,285
ca93133edd22e6edcb13516719bcc848,Global,Outbreak,Outbreak ~ scale(Year) + Outbreak_lag + CLIMATIC_lag_avg + CONFLICTS_lag_avg + GEOPHYSICAL_lag_avg + (1 | Continent) + (1 | Country),3600,3764.884804,3764.924904,3814.394317,-1874.442402,True,3114.746291,0.0,286
7bb7b47ee5fe08cb9ea76ba341acc8e7,Global,Outbreak,Outbreak ~ scale(Year) + Outbreak_lag + CLIMATIC_lag_avg + CONFLICTS_lag_avg + (1 | Continent) + (1 | Country),3600,3765.195085,3765.226265,3808.515909,-1875.597542,True,3115.047652,0.0,287
45dab18d823042804260345b27d4fd2e,Global,Outbreak,Outbreak ~ scale(Year) + Outbreak_lag + CLIMATIC_lag_avg + CONFLICTS_lag_avg + ECOLOGICAL_lag_avg + (1 | Continent) + (1 | Country),3600,3766.560043,3766.600143,3816.069556,-1875.280021,True,3116.42153,0.0,288
45dab18d823042804260345b27d4fd2e,Global,Outbreak,Outbreak ~ scale(Year) + Outbreak_lag + CLIMATIC_lag_avg + CONFLICTS_lag_avg + ECOLOGICAL_lag_avg + (1 | Continent) + (1 | Country),3600,3766.560043,3766.600143,3816.069556,-1875.280021,True,3116.42153,0.0,289
45dab18d823042804260345b27d4fd2e,Global,Outbreak,Outbreak ~ scale(Year) + Outbreak_lag + CLIMATIC_lag_avg + CONFLICTS_lag_avg + ECOLOGICAL_lag_avg + (1 | Continent) + (1 | Country),3600,3766.560043,3766.600143,3816.069556,-1875.280021,True,3116.42153,0.0,290
45dab18d823042804260345b27d4fd2e,Global,Outbreak,Outbreak ~ scale(Year) + Outbreak_lag + CLIMATIC_lag_avg + CONFLICTS_lag_avg + ECOLOGICAL_lag_avg + (1 | Continent) + (1 | Country),3600,3766.560043,3766.600143,3816.069556,-1875.280021,True,3116.42153,0.0,291
45dab18d823042804260345b27d4fd2e,Global,Outbreak,Outbreak ~ scale(Year) + Outbreak_lag + CLIMATIC_lag_avg + CONFLICTS_lag_avg + ECOLOGICAL_lag_avg + (1 | Continent) + (1 | Country),3600,3766.560043,3766.600143,3816.069556,-1875.280021,True,3116.42153,0.0,292
45dab18d823042804260345b27d4fd2e,Global,Outbreak,Outbreak ~ scale(Year) + Outbreak_lag + CLIMATIC_lag_avg + CONFLICTS_lag_avg + ECOLOGICAL_lag_avg + (1 | Continent) + (1 | Country),3600,3766.560043,3766.600143,3816.069556,-1875.280021,True,3116.42153,0.0,293
45dab18d823042804260345b27d4fd2e,Global,Outbreak,Outbreak ~ scale(Year) + Outbreak_lag + CLIMATIC_lag_avg + CONFLICTS_lag_avg + ECOLOGICAL_lag_avg + (1 | Continent) + (1 | Country),3600,3766.560043,3766.600143,3816.069556,-1875.280021,True,3116.42153,0.0,294
45dab18d823042804260345b27d4fd2e,Global,Outbreak,Outbreak ~ scale(Year) + Outbreak_lag + CLIMATIC_lag_avg + CONFLICTS_lag_avg + ECOLOGICAL_lag_avg + (1 | Continent) + (1 | Country),3600,3766.560043,3766.600143,3816.069556,-1875.280021,True,3116.42153,0.0,295
1fdec936fcff9b6b00fe2eb28aadee2f,Global,Outbreak,Outbreak ~ scale(Year) + Outbreak_lag + ECONOMIC_lag_avg + GEOPHYSICAL_lag_avg + (1 | Continent) + (1 | Country),3600,3786.154337,3786.185518,3829.475161,-1886.077169,True,3136.006905,0.0,296
0263c54f3860a5649776386a8596fda0,Global,Outbreak,Outbreak ~ scale(Year) + Outbreak_lag + GEOPHYSICAL_lag_avg + (1 | Continent) + (1 | Country),3600,3786.789509,3786.812887,3823.921643,-1887.394754,True,3136.634274,0.0,297
1297ba3720e78c794eeaffcb55122498,Global,Outbreak,Outbreak ~ scale(Year) + Outbreak_lag + ECOLOGICAL_lag_avg + ECONOMIC_lag_avg + GEOPHYSICAL_lag_avg + (1 | Continent) + (1 | Country),3600,3787.985071,3788.025171,3837.494584,-1885.992535,True,3137.846558,0.0,298
1297ba3720e78c794eeaffcb55122498,Global,Outbreak,Outbreak ~ scale(Year) + Outbreak_lag + ECOLOGICAL_lag_avg + ECONOMIC_lag_avg + GEOPHYSICAL_lag_avg + (1 | Continent) + (1 | Country),3600,3787.985071,3788.025171,3837.494584,-1885.992535,True,3137.846558,0.0,299
14aa4aaa1658bc565aabbc75868c649c,Global,Outbreak,Outbreak ~ scale(Year) + Outbreak_lag + CONFLICTS_lag_avg + ECONOMIC_lag_avg + GEOPHYSICAL_lag_avg + (1 | Continent) + (1 | Country),3600,3788.153666,3788.193766,3837.663179,-1886.076833,True,3138.015153,0.0,300
14aa4aaa1658bc565aabbc75868c649c,Global,Outbreak,Outbreak ~ scale(Year) + Outbreak_lag + CONFLICTS_lag_avg + ECONOMIC_lag_avg + GEOPHYSICAL_lag_avg + (1 | Continent) + (1 | Country),3600,3788.153666,3788.193766,3837.663179,-1886.076833,True,3138.015153,0.0,301
eba062ba949292850246e2f634f45c3a,Global,Outbreak,Outbreak ~ scale(Year) + Outbreak_lag + ECOLOGICAL_lag_avg + GEOPHYSICAL_lag_avg + (1 | Continent) + (1 | Country),3600,3788.5274,3788.558581,3831.848224,-1887.2637,True,3138.379968,0.0,302
b4e7cc6066c6479ce87607fca17064d4,Global,Outbreak,Outbreak ~ scale(Year) + Outbreak_lag + CONFLICTS_lag_avg + GEOPHYSICAL_lag_avg + (1 | Continent) + (1 | Country),3600,3788.787065,3788.818246,3832.107889,-1887.393533,True,3138.639633,0.0,303
0ce05358a6fb777c9d5d7b212cdfb39c,Global,Outbreak,Outbreak ~ scale(Year) + Outbreak_lag + CONFLICTS_lag_avg + ECOLOGICAL_lag_avg + GEOPHYSICAL_lag_avg + (1 | Continent) + (1 | Country),3600,3790.526076,3790.566176,3840.035589,-1887.263038,True,3140.387563,0.0,304
0ce05358a6fb777c9d5d7b212cdfb39c,Global,Outbreak,Outbreak ~ scale(Year) + Outbreak_lag + CONFLICTS_lag_avg + ECOLOGICAL_lag_avg + GEOPHYSICAL_lag_avg + (1 | Continent) + (1 | Country),3600,3790.526076,3790.566176,3840.035589,-1887.263038,True,3140.387563,0.0,305
bb32b63f5b59c2e6c0522b2ff0ab73ed,Global,Outbreak,Outbreak ~ scale(Year) + Outbreak_lag + ECONOMIC_lag_avg + (1 | Continent) + (1 | Country),3600,3799.691335,3799.714714,3836.82347,-1893.845667,True,3149.536101,0.0,306
063495329fca5fa828e70d26465fe4de,Global,Outbreak,Outbreak ~ scale(Year) + Outbreak_lag + ECOLOGICAL_lag_avg + ECONOMIC_lag_avg + (1 | Continent) + (1 | Country),3600,3801.390809,3801.42199,3844.711633,-1893.695405,True,3151.243376,0.0,307
258d8c4bdf0d5a15a9999dae86bd4be6,Global,Outbreak,Outbreak ~ scale(Year) + Outbreak_lag + ECOLOGICAL_lag_avg + (1 | Continent) + (1 | Country),3600,3801.410706,3801.434085,3838.542841,-1894.705353,True,3151.255471,0.0,308
7092f822267e9d84c4d1f80e31d453be,Global,Outbreak,Outbreak ~ scale(Year) + Outbreak_lag + CONFLICTS_lag_avg + ECONOMIC_lag_avg + (1 | Continent) + (1 | Country),3600,3801.690774,3801.721955,3845.011598,-1893.845387,True,3151.543342,0.0,309
cf9f6f10ad6f6b69875c58d8152677f5,Global,Outbreak,Outbreak ~ scale(Year) + Outbreak_lag + CONFLICTS_lag_avg + (1 | Continent) + (1 | Country),3600,3801.805146,3801.828525,3838.937281,-1894.902573,True,3151.649912,0.0,310
eba790bc734fdba0ce23dad0e48ae2d7,Global,Outbreak,Outbreak ~ scale(Year) + Outbreak_lag + CONFLICTS_lag_avg + ECOLOGICAL_lag_avg + ECONOMIC_lag_avg + (1 | Continent) + (1 | Country),3600,3803.389692,3803.429792,3852.899205,-1893.694846,True,3153.251179,0.0,311
eba790bc734fdba0ce23dad0e48ae2d7,Global,Outbreak,Outbreak ~ scale(Year) + Outbreak_lag + CONFLICTS_lag_avg + ECOLOGICAL_lag_avg + ECONOMIC_lag_avg + (1 | Continent) + (1 | Country),3600,3803.389692,3803.429792,3852.899205,-1893.694846,True,3153.251179,0.0,312
eba790bc734fdba0ce23dad0e48ae2d7,Global,Outbreak,Outbreak ~ scale(Year) + Outbreak_lag + CONFLICTS_lag_avg + ECOLOGICAL_lag_avg + ECONOMIC_lag_avg + (1 | Continent) + (1 | Country),3600,3803.389692,3803.429792,3852.899205,-1893.694846,True,3153.251179,0.0,313
eba790bc734fdba0ce23dad0e48ae2d7,Global,Outbreak,Outbreak ~ scale(Year) + Outbreak_lag + CONFLICTS_lag_avg + ECOLOGICAL_lag_avg + ECONOMIC_lag_avg + (1 | Continent) + (1 | Country),3600,3803.389692,3803.429792,3852.899205,-1893.694846,True,3153.251179,0.0,314
8ff87db8decadbf19ac18096a66b3524,Global,Outbreak,Outbreak ~ scale(Year) + Outbreak_lag + CONFLICTS_lag_avg + ECOLOGICAL_lag_avg + (1 | Continent) + (1 | Country),3600,3803.409719,3803.440899,3846.730542,-1894.704859,True,3153.262286,0.0,315
